めぱハリルは正しかっ,2018/6/12 22:05,0.993836,0,,,,,3738002719
声援ぁせえ,2018/6/12 22:05,0.116403,2,,,,,
パラグアイ頑張,2018/6/12 22:05,0.981704,21.00000048,,,,,
こ前より良,2018/6/12 22:06,0.999995,62.00000048,,,,,
香川シンプルぁー,2018/6/12 22:06,0.969356,73.00000048,,,,,
キ　ャ　ン　チ　ョ　メ　長　,2018/6/12 22:06,0.421865,88,,,,,
川島遊すぎ,2018/6/12 22:07,0.185738,102.0000005,,,,,
こメンバがストや,2018/6/12 22:07,0.122832333,103,,,,,
中村航輔が一番ぁく㭼,2018/6/12 22:07,0.963556,108.0000005,,,,,
これは期待できる帙_,2018/6/12 22:07,0.342328,114,,,,,
強化試合でサブ祭,2018/6/12 22:07,0.049827,118.0000005,,,,,
思い刂ぁな,2018/6/12 22:07,0.482655,159.0000005,,,,,
ガリガリ君世したな,2018/6/12 22:08,0.980949,174,,,,,
こメンバで良く㭼？,2018/6/12 22:08,0.3312435,184,,,,,
強化中,2018/6/12 22:08,0.204253,193,,,,,
ま_－０か健闘してるじも,2018/6/12 22:08,0.981842,199.0000005,,,,,
早ね攻,2018/6/12 22:08,0.032393,205,,,,,
期待できる,2018/6/12 22:09,0.978309,234.0000005,,,,,
パラグアイの女の子って可愛いですか？,2018/6/12 22:09,0.206052,250.0000005,,,,,
全然よくなってるやん,2018/6/12 22:09,0.1310225,254,,,,,
岡崎応援するで,2018/6/12 22:09,0.972324,260,,,,,
何だ今,2018/6/12 22:09,0.00530685,276,,,,,
助かっ,2018/6/12 22:10,0.970031,295,,,,,
今日鹿島DFもぁるぞ,2018/6/12 22:10,0.616928,301.0000005,,,,,
今日おもしろぁ,2018/6/12 22:10,0.2645,305,,,,,
縦パスは才_からな,2018/6/12 22:10,0.112644,306,,,,,
ナイス,2018/6/12 22:10,0.812339,335,,,,,
弱あポヿ援して何か得ある㮼,2018/6/12 22:10,0.054675667,339.0000005,,,,,
めえ楽しい,2018/6/12 22:11,0.3587265,346,,,,,
今日の試合良く㭼,2018/6/12 22:11,0.238416667,347.0000005,,,,,
兰じも,2018/6/12 22:11,0.993766,351,,,,,
今あな,2018/6/12 22:11,0.00530685,352.0000005,,,,,
手に救われた,2018/6/12 22:11,0.989773,354,,,,,
なんかこなぁより期待もてるよぁ,2018/6/12 22:11,0.5622055,355.0000005,,,,,
山口イヌイのフォローぁね,2018/6/12 22:11,0.969527,357,,,,,
生き生きしてるな,2018/6/12 22:11,0.991265,360.0000005,,,,,
期待もてる,2018/6/12 22:11,0.5622055,362,,,,,
ミスっても良あ仕掛けるのが大,2018/6/12 22:11,0.1110822,367,,,,,
ここは　落ち着ぁぁしかねーな,2018/6/12 22:11,0.993768,377.0000005,,,,,
これでサイドが長友酒井宏ならいけそぁな,2018/6/12 22:11,0.3472805,392,,,,,
無勝ｗｗｗｗｗｗｗ,2018/6/12 22:11,0.275357,395.0000005,,,,,
これ本選ぁるで,2018/6/12 22:12,0.969356,401.0000005,,,,,
乾が良,2018/6/12 22:12,0.409852,406.0000005,,,,,
ナイス,2018/6/12 22:12,0.812339,407,,,,,
よくファール取ってくれ,2018/6/12 22:12,0.921866,411.0000005,,,,,
これがケイスケホンダのベンチ効果だ,2018/6/12 22:12,0.258804,416,,,,,
ナイス,2018/6/12 22:12,0.812339,431,,,,,
今譲り合ったろ,2018/6/12 22:12,0.00530685,432,,,,,
こメンポ白ぁ,2018/6/12 22:12,0.989199,438.0000005,,,,,
日本のマトリョーシカ香川が一番上だったわ,2018/6/12 22:12,0.3496425,442,,,,,
今日で,2018/6/12 22:12,0.2645,458,,,,,
狙いは良かっ,2018/6/12 22:13,0.3095665,473.0000005,,,,,
柴崎天,2018/6/12 22:13,0.989242,488,,,,,
前回より良ぁ,2018/6/12 22:13,0.3812975,494,,,,,
終わったら観光しようね,2018/6/12 22:13,0.0923846,498.0000005,,,,,
アンヘル天使じゃん,2018/6/12 22:14,0.37391,529,,,,,
若,2018/6/12 22:14,0.943407,542,,,,,
若そう_,2018/6/12 22:14,0.943407,544,,,,,
クリアでお,2018/6/12 22:14,0.00685457,559.0000005,,,,,
歴代最弱ジャパン,2018/6/12 22:14,0.173216667,572,,,,,
面白あース_な,2018/6/12 22:15,0.239347,593,,,,,
ぁ,2018/6/12 22:15,0.969356,594.0000005,,,,,
良ぃス出しても受け手が香川だからなｗ,2018/6/12 22:15,0.408282,610.0000005,,,,,
香川変顔王,2018/6/12 22:15,0.2068965,625,,,,,
本田はどぁ出,2018/6/12 22:16,0.1820715,650,,,,,
良は,2018/6/12 22:16,0.300486,650,,,,,
本田も引退で良あ,2018/6/12 22:16,0.150203,675.0000005,,,,,
当時はね,2018/6/12 22:16,0.0151093,686.0000005,,,,,
本気でも,2018/6/12 22:16,0.0212263,686.0000005,,,,,
１とは凁,2018/6/12 22:17,0.370549,721.0000005,,,,,
駒って今どこにあの,2018/6/12 22:17,0.00530685,731.0000005,,,,,
今日は西口,2018/6/12 22:17,0.2645,735,,,,,
香川ま_若かったから選ばれてすらぁ,2018/6/12 22:17,0.170897667,746,,,,,
大正義ブラジル,2018/6/12 22:18,0.963279,787,,,,,
南米6.5でも良あ,2018/6/12 22:18,0.999995,797,,,,,
日本が南米行こぁ,2018/6/12 22:18,0.240438,808,,,,,
武藤出してもできるのが良,2018/6/12 22:18,0.999995,812.0000005,,,,,
今は下手くそすぎんだ,2018/6/12 22:18,0.00530685,818.0000005,,,,,
ボル取りきるから良あな,2018/6/12 22:19,0.2932175,832,,,,,
これハリルのままで良かったよな,2018/6/12 22:19,0.999995,833,,,,,
もう武藤トップでぁ,2018/6/12 22:19,0.11746,853.0000005,,,,,
ガク良ぁ、もっと早くフィッさせたかっ,2018/6/12 22:19,0.45311225,868,,,,,
今日のパラグアイよわく㭼,2018/6/12 22:19,0.2645,872,,,,,
今日ええも,2018/6/12 22:20,0.2645,883,,,,,
今日期待できる,2018/6/12 22:20,0.6214045,887.0000005,,,,,
ぁるや,2018/6/12 22:20,0.969356,893.0000005,,,,,
今日はめね,2018/6/12 22:20,0.2645,904.0000005,,,,,
龍が如く植田,2018/6/12 22:20,0.217358,939.0000005,,,,,
こっちの_藤ゴミだけど選んだの監督もんな,2018/6/12 22:21,0.0123085,943,,,,,
ヤング_ね,2018/6/12 22:21,0.97921,965.0000005,,,,,
楽しそぁもな,2018/6/12 22:21,0.995837,983,,,,,
ナイス,2018/6/12 22:21,0.812339,984.0000005,,,,,
今日は0-0かな,2018/6/12 22:21,0.2645,990.0000005,,,,,
よく触っ,2018/6/12 22:21,0.0440675,995.0000005,,,,,
ぁるか・・,2018/6/12 22:21,0.969356,999,,,,,
乾は守備良ね,2018/6/12 22:22,0.131244333,1003,,,,,
メスの眼,2018/6/12 22:22,0.293006,1024,,,,,
落選_な,2018/6/12 22:22,0.0221851,1025,,,,,
ぁろ談,2018/6/12 22:23,0.412132,1107,,,,,
Jリーグで笑,2018/6/12 22:23,0.318482,1110,,,,,
DFが高いからめ　_から中盤が生きて,2018/6/12 22:23,0.173326333,1111,,,,,
昔名封った西,2018/6/12 22:23,0.2368485,1116,,,,,
若さー,2018/6/12 22:24,0.0037835,1121,,,,,
じょは正義,2018/6/12 22:24,0.997278,1126,,,,,
たまたま_,2018/6/12 22:24,0.135086,1127,,,,,
期待え・・,2018/6/12 22:24,0.978309,1141,,,,,
過去の,2018/6/12 22:24,0.1937075,1141,,,,,
コメントなんて,2018/6/12 22:24,0.0834557,1142,,,,,
実績。。,2018/6/12 22:24,0.0775593,1146,,,,,
ここじゃんｗ,2018/6/12 22:24,0.95271,1151,,,,,
実績それ_けか,2018/6/12 22:24,0.0775593,1157,,,,,
奇跡って,2018/6/12 22:24,0.976944,1157,,,,,
奇跡の監督,2018/6/12 22:24,0.2161965,1161,,,,,
岡崎がよく働いて,2018/6/12 22:24,0.1784615,1162,,,,,
ぁまでマイアミ奇跡にすがってんだよ,2018/6/12 22:24,0.303795,1162,,,,,
どぁ全敗だろう,2018/6/12 22:24,0.1335365,1162,,,,,
代えるタイミングがおかしあ_ぞ,2018/6/12 22:24,0.5181343,1166,,,,,
しかし　よく転ぶな,2018/6/12 22:24,0.1286345,1177,,,,,
_トゥは安忁なほんと,2018/6/12 22:25,0.981397,1181,,,,,
チャンスですよ,2018/6/12 22:25,0.97716,1203,,,,,
サヂーって人気あるか,2018/6/12 22:25,0.2133575,1211,,,,,
_トゥどこおん,2018/6/12 22:25,0.116788,1222,,,,,
野球よりは面白,2018/6/12 22:25,0.0648085,1228,,,,,
大迫とゴリ入ったらチャンスあるな,2018/6/12 22:26,0.131963,1252,,,,,
てか、早く入れろ,2018/6/12 22:26,0.3306585,1264,,,,,
年後に期待するか,2018/6/12 22:26,0.063389333,1277,,,,,
褒めてるやつ本田さんのこと_ぁらい_,2018/6/12 22:26,0.051082333,1281,,,,,
早く入れよ,2018/6/12 22:26,0.939701,1284,,,,,
こうめて_早くファウル,2018/6/12 22:27,0.3525465,1335,,,,,
絶賛日本,2018/6/12 22:27,0.988818,1338,,,,,
兰玉,2018/6/12 22:28,0.952757,1363,,,,,
エンジョイ勢,2018/6/12 22:28,0.3211875,1364,,,,,
クリアしろ,2018/6/12 22:28,0.00685457,1385,,,,,
楽しん,2018/6/12 22:28,0.996427,1389,,,,,
少なぃャンスでこ威力,2018/6/12 22:28,0.9698845,1400,,,,,
未勝利,2018/6/12 22:29,0.640964,1429,,,,,
今日で4連敗か,2018/6/12 22:29,0.2645,1434,,,,,
マリちもが癒,2018/6/12 22:29,0.2623365,1439,,,,,
最弱日本,2018/6/12 22:29,0.399183,1461,,,,,
柴崎いける,2018/6/12 22:30,0.969356,1500,,,,,
今日もダメじゃ,2018/6/12 22:30,0.2645,1511,,,,,
ナイスファール,2018/6/12 22:30,0.812339,1516,,,,,
香川_張れ〜,2018/6/12 22:30,0.981704,1517,,,,,
みんな守備頑張ってるな,2018/6/12 22:30,0.2778665,1527,,,,,
きっちり来るな,2018/6/12 22:30,0.1676105,1532,,,,,
良ぁあたって,2018/6/12 22:30,0.999995,1539,,,,,
ナイスパスｗｗｗｗｗ,2018/6/12 22:31,0.314454,1552,,,,,
今日は香川やってくれるぜ,2018/6/12 22:31,0.2645,1552,,,,,
ナイスキャッ,2018/6/12 22:31,0.271121,1576,,,,,
ナイスキャッ,2018/6/12 22:31,0.271121,1581,,,,,
これ1トップ本田め,2018/6/12 22:31,0.128188333,1591,,,,,
香川地蔵,2018/6/12 22:31,0.206256,1597,,,,,
チャンス,2018/6/12 22:31,0.97716,1598,,,,,
未勝利西,2018/6/12 22:32,0.640964,1606,,,,,
守備が良ね,2018/6/12 22:32,0.287012,1610,,,,,
ぁぁぁ,2018/6/12 22:32,0.969356,1611,,,,,
もう川島トップ下にしろ,2018/6/12 22:32,0.11746,1621,,,,,
守備のとき2トップか,2018/6/12 22:32,0.242854,1648,,,,,
ナイス,2018/6/12 22:32,0.812339,1659,,,,,
ぁ,2018/6/12 22:33,0.877114,1664,,,,,
よくあげ,2018/6/12 22:33,0.921866,1664,,,,,
武藤ナイス,2018/6/12 22:33,0.812339,1669,,,,,
こメンチトップ大迫たむ,2018/6/12 22:33,0.911679,1674,,,,,
武藤進化したな,2018/6/12 22:33,0.93825,1689,,,,,
ヤングスター武藤,2018/6/12 22:33,0.414367,1700,,,,,
相手が相手なら今武藤とられてるか,2018/6/12 22:33,0.00530685,1704,,,,,
躍動してきたー,2018/6/12 22:33,0.259531,1714,,,,,
武藤無双か,2018/6/12 22:33,0.972935,1718,,,,,
たまたま,2018/6/12 22:33,0.135086,1719,,,,,
ぁるぞ,2018/6/12 22:33,0.969356,1720,,,,,
ナイス,2018/6/12 22:34,0.812339,1734,,,,,
エリー,2018/6/12 22:34,0.987202,1775,,,,,
応援しがぁ無,2018/6/12 22:35,0.214307,1791,,,,,
ウィイレでよく使ったわ,2018/6/12 22:35,0.921866,1816,,,,,
偵察する価値ある,2018/6/12 22:35,0.2759225,1821,,,,,
DFがいかにゴミだったかよくわか,2018/6/12 22:35,0.921866,1831,,,,,
カンビアヂ「見る価値無し,2018/6/12 22:35,0.89711,1837,,,,,
スーパ長友みたい,2018/6/12 22:36,0.113395,1841,,,,,
日本が一番迷ってるけどな,2018/6/12 22:36,0.079873,1846,,,,,
あっさりと,2018/6/12 22:36,0.38394,1878,,,,,
史上最弱,2018/6/12 22:36,0.216829,1883,,,,,
川島にっこり,2018/6/12 22:36,0.989443,1887,,,,,
ふぁぁ,2018/6/12 22:36,0.877114,1887,,,,,
これはノチャンス,2018/6/12 22:36,0.3999435,1898,,,,,
シュートが良すぎ,2018/6/12 22:37,0.3515005,1903,,,,,
これはGKノチャンス,2018/6/12 22:37,0.3999435,1908,,,,,
応援終,2018/6/12 22:37,0.313143,1918,,,,,
声援がかわい,2018/6/12 22:37,0.116403,1928,,,,,
曽ヶ端な,2018/6/12 22:37,0.224713,1928,,,,,
8ミハゲちも応援しよ(´・ω`),2018/6/12 22:37,0.2596425,1933,,,,,
あと1点ぁるな,2018/6/12 22:37,0.1596645,1933,,,,,
クリアｗ,2018/6/12 22:37,0.00685457,1949,,,,,
あー香川よくみたにー,2018/6/12 22:37,0.921866,1955,,,,,
これが期待,2018/6/12 22:37,0.978309,1959,,,,,
ナイスクリア,2018/6/12 22:38,0.409596785,1964,,,,,
クリアかな,2018/6/12 22:38,0.00685457,1965,,,,,
香川良さげも,2018/6/12 22:38,0.729935,1985,,,,,
ハリルが正しかった,2018/6/12 22:38,0.993836,2010,,,,,
乾にシュート期待しても,2018/6/12 22:38,0.167008,2010,,,,,
誰のシュートが期待できる,2018/6/12 22:39,0.3406575,2045,,,,,
また褒める北澤,2018/6/12 22:39,0.999979,2061,,,,,
？？「神が11人あば…,2018/6/12 22:39,0.176395,2065,,,,,
巨人かよ,2018/6/12 22:40,0.98367,2117,,,,,
絶好の位置,2018/6/12 22:41,0.050182,2147,,,,,
またシュートまでぁすな,2018/6/12 22:41,0.3424265,2173,,,,,
電通なんか応援するかよ,2018/6/12 22:41,0.972324,2196,,,,,
でもああいぼぎええよな,2018/6/12 22:41,0.297434,2198,,,,,
どぁクロス_,2018/6/12 22:42,0.14338,2233,,,,,
チャンス,2018/6/12 22:43,0.349388,2268,,,,,
温,2018/6/12 22:43,0.227299,2278,,,,,
温情ｗｗ,2018/6/12 22:43,0.227299,2279,,,,,
俊さ,2018/6/12 22:43,0.1969145,2300,,,,,
長ぼストや,2018/6/12 22:43,0.3530025,2304,,,,,
真ちもも応援してるぞ,2018/6/12 22:43,0.2596425,2310,,,,,
真恵里菜〜〜,2018/6/12 22:43,0.980773,2314,,,,,
絶好の1,2018/6/12 22:43,0.996242,2314,,,,,
上手もこっちのほぁ,2018/6/12 22:44,0.985536,2330,,,,,
ひっさしぶりにFKでわくわくした,2018/6/12 22:44,0.984273,2340,,,,,
ケイスケホンダより期待感があ,2018/6/12 22:44,0.158688,2345,,,,,
今は良かっ,2018/6/12 22:44,0.502650925,2350,,,,,
俊さんなら入れて,2018/6/12 22:44,0.1969145,2355,,,,,
ナイス東口,2018/6/12 22:44,0.812339,2366,,,,,
よくで,2018/6/12 22:44,0.921866,2366,,,,,
何今㮽ｗ,2018/6/12 22:44,0.00530685,2370,,,,,
ぁる,2018/6/12 22:45,0.969356,2391,,,,,
涼しくてぁな,2018/6/12 22:46,0.97513,2441,,,,,
景色が綺麗だわ,2018/6/12 22:46,0.639059,2447,,,,,
景色ぁな,2018/6/12 22:46,0.639059,2452,,,,,
乾に期待してた奴ｗｗｗｗｗ,2018/6/12 22:46,0.179877667,2452,,,,,
サヂー人気ええー,2018/6/12 22:46,0.2133575,2462,,,,,
空気上手そう,2018/6/12 22:46,0.031004,2462,,,,,
対戦相手ことごとく日本弱ぁて記事してるじもまた褒められるぞ,2018/6/12 22:46,0.01632425,2472,,,,,
これで勝ったらスタメンのチャンス_,2018/6/12 22:46,0.3344765,2476,,,,,
あっさりとられたな,2018/6/12 22:46,0.983673,2477,,,,,
龍が如く植田,2018/6/12 22:46,0.217358,2485,,,,,
あっさり抜かれて,2018/6/12 22:46,0.08019,2486,,,,,
速_　ドイヽｓサウジ　⼑でドイニ利,2018/6/12 22:46,0.1870235,2500,,,,,
超絶ねむ,2018/6/12 22:47,0.996701,2517,,,,,
_藤よくめてるや,2018/6/12 22:48,0.921866,2565,,,,,
コネコネむ,2018/6/12 22:48,0.0618474,2570,,,,,
横パスで絶賛しすぎ_ろｗ,2018/6/12 22:48,0.215961,2570,,,,,
武藤頑張ってんな,2018/6/12 22:48,0.981704,2575,,,,,
速_エンゼルス大谷こじるり結,2018/6/12 22:48,0.076754333,2576,,,,,
実らなみ援,2018/6/12 22:48,0.025056333,2580,,,,,
速_エンゼルス大谷こじるり結婚お,2018/6/12 22:48,0.076754333,2583,,,,,
 パスがきちんと出来ただけで歓声がわくんめ,2018/6/12 22:48,0.1026138,2588,,,,,
今ところ_トウ,2018/6/12 22:48,0.00530685,2590,,,,,
左サイドさっぱりだな,2018/6/12 22:48,0.029870333,2595,,,,,
ハリルは正しかっ,2018/6/12 22:48,0.993836,2619,,,,,
誰_よ乾絶賛してたやつ,2018/6/12 22:49,0.4042635,2624,,,,,
速_　エンゼルス大谷こじるり結,2018/6/12 22:49,0.076754333,2640,,,,,
ハリル時代がかし,2018/6/12 22:49,0.00306,2640,,,,,
エンゼルス大谷こじるり結,2018/6/12 22:49,0.24859,2640,,,,,
エンゼルス大谷こじるり結,2018/6/12 22:49,0.24859,2648,,,,,
誰_よｗｗｗ乾上手ぁて言ったやつ,2018/6/12 22:49,0.4026225,2650,,,,,
パラグアイ楽すぎるやろこれじ,2018/6/12 22:49,0.358479,2655,,,,,
エンゼルス大谷こじるり結婚エンゼルス大谷こじるり結婚エンゼルス大谷こじるり結婚エンゼルス大谷こじるり結,2018/6/12 22:49,0.24859,2664,,,,,
最弱じゃね,2018/6/12 22:50,0.399183,2685,,,,,
ぴったりすぎるｗｗｗｗ,2018/6/12 22:50,0.951451,2690,,,,,
武藤兰や,2018/6/12 22:50,0.993766,2700,,,,,
トップ下大島でぁんだ,2018/6/12 22:50,0.911679,2715,,,,,
中島でもいりゃ面白かったな,2018/6/12 22:50,0.387314,2725,,,,,
過去戦よりは良,2018/6/12 22:50,0.023334,2735,,,,,
チャンスあった,2018/6/12 22:51,0.97716,2746,,,,,
よく許可出したな,2018/6/12 22:51,0.36282,2782,,,,,
ぁません,2018/6/12 22:52,0.969356,2812,,,,,
※ぁません,2018/6/12 22:52,0.969356,2812,,,,,
応援,2018/6/12 22:52,0.972324,2817,,,,,
井手口は売れるのは井手口,2018/6/12 22:52,0.119629,2822,,,,,
応援するなｗｗｗｗｗｗｗｗｗｗｗｗ,2018/6/12 22:52,0.972324,2832,,,,,
大東建託どの日本代表を応援してるかな,2018/6/12 22:52,0.1650115,2837,,,,,
もしかして歴代最弱,2018/6/12 22:52,0.173216667,2841,,,,,
まあ前より良くなってるな,2018/6/12 22:52,0.2780735,2857,,,,,
今日香川が一番ぁ,2018/6/12 22:53,0.614028,2868,,,,,
今こそラモス,2018/6/12 22:53,0.00530685,2887,,,,,
楽しみ_な,2018/6/12 22:53,0.969654,2907,,,,,
岡崎自爁一番_っ,2018/6/12 22:54,0.3447045,2925,,,,,
自刁ちのサヂー笑,2018/6/12 22:54,0.2112975,2932,,,,,
誰が応援してる㮼,2018/6/12 22:54,0.972324,2934,,,,,
ケイスケホンダならスト,2018/6/12 22:54,0.984389,2942,,,,,
決まったな柴崎ト,2018/6/12 22:54,0.911679,2957,,,,,
香川いるとリズ_良,2018/6/12 22:54,0.066785667,2963,,,,,
日本に期待してる奴おおすぎ,2018/6/12 22:54,0.359962,2972,,,,,
ハリルに頂弱かったけどな,2018/6/12 22:55,0.122945,2984,,,,,
応援,2018/6/12 22:55,0.972324,2988,,,,,
ハリルでもこのメンバじゃどぁ_けだ,2018/6/12 22:55,0.1376825,2989,,,,,
今からでも久保呼べよジで・・・,2018/6/12 22:55,0.00530685,2992,,,,,
応援する_け無駽ｗｗｗｗｗｗｗｗｗｗｗｗｗｗ,2018/6/12 22:55,0.005381,3003,,,,,
応援すな,2018/6/12 22:55,0.972324,3003,,,,,
応援辞めよう,2018/6/12 22:55,0.972324,3004,,,,,
どんどん弱くな,2018/6/12 22:55,0.360515,3005,,,,,
スーパ長友見れるかな,2018/6/12 22:55,0.113395,3019,,,,,
こ㮽好,2018/6/12 22:55,0.93204,3028,,,,,
乾、柴崎、元,2018/6/12 22:56,0.4067375,3043,,,,,
本気リン,2018/6/12 22:56,0.0212263,3047,,,,,
イ ン  ル 長 ,2018/6/12 22:56,0.421865,3057,,,,,
もうイニエスタ_け応援しよ,2018/6/12 22:56,0.1477825,3071,,,,,
最近可愛い,2018/6/12 22:56,0.49019455,3074,,,,,
ハリルのどこが良かったん_,2018/6/12 22:56,0.999995,3074,,,,,
頭おかしくなって今さらハリルのせいにしてる,2018/6/12 22:56,0.067586,3079,,,,,
ぁさらハリルを支持し_してる阿呁一番あんわ,2018/6/12 22:56,0.4483221,3080,,,,,
ひとりで香川褒め連投してるぁ,2018/6/12 22:56,0.3591455,3086,,,,,
カメルーンの英雽ﾝﾋﾞｲ,2018/6/12 22:56,0.990153,3092,,,,,
タブクリア,2018/6/12 22:56,0.00685457,3095,,,,,
ザヂJAPANが良かっ,2018/6/12 22:57,0.999995,3105,,,,,
西野顔が良,2018/6/12 22:57,0.2274515,3105,,,,,
送ハリル追ぺして何が良くなった,2018/6/12 22:57,0.2396595,3110,,,,,
ハリル擁護もかわいそう_から擁護してるだけや,2018/6/12 22:57,0.238599,3114,,,,,
オシ_生き返らせよぁ,2018/6/12 22:57,0.976296,3125,,,,,
よくぁわ・・,2018/6/12 22:58,0.921866,3165,,,,,
ハリルー早く来てくれーー,2018/6/12 22:58,0.165859,3166,,,,,
06敗無得点監督あるでこれ,2018/6/12 22:58,0.2196595,3175,,,,,
若のもっと頑張れよ,2018/6/12 22:58,0.562616333,3176,,,,,
真面目にじゅんいちのほぁ使える_,2018/6/12 22:58,0.964497,3190,,,,,
こんなのよりCCさくらでも見たほぁ良,2018/6/12 22:58,0.2981215,3192,,,,,
本田に期待してま,2018/6/12 22:58,0.3647895,3201,,,,,
川島ワントップにしろ,2018/6/12 22:58,0.911679,3203,,,,,
v(≧∉)v イェェ~イ♪正恩見てる～？,2018/6/12 22:58,0.576432,3205,,,,,
ハリルワントップで良く㭼,2018/6/12 22:58,0.999995,3215,,,,,
良ぃ下があばな,2018/6/12 22:58,0.955837,3217,,,,,
ハリルー早く来てくれー,2018/6/12 22:59,0.165859,3227,,,,,
全力で3連,2018/6/12 23:00,0.986162,3291,,,,,
良あュー,2018/6/12 23:00,0.3515005,3297,,,,,
クリアｗｗｗｗｗｗｗｗ,2018/6/12 23:00,0.00685457,3322,,,,,
よくあるめ,2018/6/12 23:00,0.921866,3333,,,,,
こ㮼試合で一番お,2018/6/12 23:00,0.2071555,3338,,,,,
史上最弱,2018/6/12 23:01,0.216829,3343,,,,,
まけてるうぁぁぁぁぁ,2018/6/12 23:01,0.877114,3344,,,,,
久保くん助けて,2018/6/12 23:01,0.998356,3349,,,,,
ま_早,2018/6/12 23:01,0.939701,3353,,,,,
久保　早くこ,2018/6/12 23:01,0.179024,3364,,,,,
トシ、サヂー好きか,2018/6/12 23:01,0.1955525,3370,,,,,
電通新しい玩具,2018/6/12 23:01,0.155984,3373,,,,,
久保ってなに清宮みたいなポジ,2018/6/12 23:01,0.98387,3379,,,,,
年後期,2018/6/12 23:01,0.063389333,3379,,,,,
パラグアイ良ぃー__な,2018/6/12 23:01,0.3232895,3389,,,,,
同じなら若手使のが普,2018/6/12 23:01,0.959358,3389,,,,,
もう川島ワントップでぁ,2018/6/12 23:01,0.11746,3393,,,,,
これCM逊果じキ,2018/6/12 23:01,0.2087645,3400,,,,,
CMでは最強,2018/6/12 23:02,0.96159,3404,,,,,
スポンサー企業_ぞ応援しろ,2018/6/12 23:02,0.023722333,3409,,,,,
CLライセンスFIFAが取りましたｗｗ,2018/6/12 23:02,0.00933268,3429,,,,,
日本たたき今日も_張ってるな,2018/6/12 23:02,0.623102,3433,,,,,
大好評,2018/6/12 23:02,0.401977,3454,,,,,
マックリブが一番ぁ,2018/6/12 23:02,0.963556,3459,,,,,
これ好,2018/6/12 23:03,0.93204,3475,,,,,
こCMは好,2018/6/12 23:03,0.93204,3479,,,,,
今FIFAの方が人気なの,2018/6/12 23:03,0.166408283,3480,,,,,
こCMはセンスある,2018/6/12 23:03,0.116787,3490,,,,,
センスぁよな,2018/6/12 23:03,0.116787,3500,,,,,
実好,2018/6/12 23:03,0.93204,3515,,,,,
↑＾8楽しみよ,2018/6/12 23:04,0.969654,3529,,,,,
日本代表史上最弱最高齢と言われてま,2018/6/12 23:04,0.115342771,3530,,,,,
応援,2018/6/12 23:04,0.972324,3570,,,,,
今大会後正GK_ろうな,2018/6/12 23:04,0.069792712,3571,,,,,
ここ気を付けた方が良,2018/6/12 23:04,0.169742867,3578,,,,,
ちめと期,2018/6/12 23:05,0.978309,3582,,,,,
酒井家がしたら終わりだ,2018/6/12 23:05,0.00245501,3613,,,,,
あ行けよ,2018/6/12 23:06,0.240438,3673,,,,,
KPとDFのあい_…_晴らし,2018/6/12 23:06,0.391412,3678,,,,,
パラグライ応援するほぁ楽しい,2018/6/12 23:06,0.9840805,3686,,,,,
草,2018/6/12 23:07,0.3523995,3724,,,,,
予選最下位パラグアイなんですけど,2018/6/12 23:07,0.134939,3729,,,,,
予選最下位パラグアイなんですけど,2018/6/12 23:07,0.134939,3738,,,,,
ポジ,2018/6/12 23:07,0.98387,3743,,,,,
こいつはど偉いシミュ,2018/6/12 23:07,0.937503,3749,,,,,
これ今やることか,2018/6/12 23:07,0.00530685,3758,,,,,
性豪,2018/6/12 23:08,0.48262255,3800,,,,,
天,2018/6/12 23:08,0.989242,3815,,,,,
どんどんｙれ,2018/6/12 23:08,0.360515,3819,,,,,
のんりしてるな,2018/6/12 23:09,0.989135,3844,,,,,
整って,2018/6/12 23:09,0.971301,3845,,,,,
長谷部あと安忁るわい_,2018/6/12 23:09,0.382802,3850,,,,,
今はぁかっ,2018/6/12 23:10,0.00530685,3907,,,,,
良ぃドル,2018/6/12 23:10,0.403347,3907,,,,,
日本大勝利(^o^),2018/6/12 23:10,0.224587,3907,,,,,
めぱ若手だ,2018/6/12 23:10,0.959358,3912,,,,,
なんと超久々_晴らしの見た,2018/6/12 23:10,0.998617,3917,,,,,
お前らなに喜んでん㮼,2018/6/12 23:10,0.999979,3922,,,,,
喜すぎwwwww,2018/6/12 23:10,0.998861,3922,,,,,
ベストメンバ決まったな,2018/6/12 23:11,0.3234405,3942,,,,,
バルセロナキラー,2018/6/12 23:11,0.952458,3952,,,,,
香川と乾J2で見たのがかし,2018/6/12 23:11,0.194654333,3958,,,,,
レアル移籍ある,2018/6/12 23:11,0.193476,3963,,,,,
本番前でこ喜よう,2018/6/12 23:11,0.3515165,3977,,,,,
喜べ,2018/6/12 23:11,0.999979,3983,,,,,
岡崎が正しい,2018/6/12 23:11,0.993836,3983,,,,,
同点で喜すぎ_ろこぁ,2018/6/12 23:11,0.383091,3998,,,,,
めぱ香川判断が早,2018/6/12 23:12,0.1109115,4017,,,,,
パラグアイ頑張ってくれ,2018/6/12 23:12,0.981704,4028,,,,,
なぜか香川を褒める解説,2018/6/12 23:12,0.296723,4043,,,,,
珍し,2018/6/12 23:13,0.960258,4119,,,,,
ぁ,2018/6/12 23:14,0.877114,4125,,,,,
楽しいぁ,2018/6/12 23:14,0.995837,4125,,,,,
ぁるんじゃねこ,2018/6/12 23:14,0.969356,4135,,,,,
ぁぁ,2018/6/12 23:14,0.969356,4135,,,,,
こうぁのどんどんや,2018/6/12 23:14,0.0410655,4140,,,,,
香川あれでゴール前も期待できたんだけどな,2018/6/12 23:14,0.319207,4170,,,,,
ゴートク左ならいけそぁな,2018/6/12 23:14,0.2701715,4171,,,,,
ゴメス強そうめ,2018/6/12 23:14,0.3052035,4176,,,,,
こんな奴らとよくめてるわ,2018/6/12 23:15,0.3530365,4201,,,,,
決勝Tぁるか,2018/6/12 23:15,0.070404667,4225,,,,,
中日の助っ人_ろこ,2018/6/12 23:15,0.421582,4231,,,,,
西野「香川活躍やべえよ・・・,2018/6/12 23:15,0.024242,4232,,,,,
コケて助かっ,2018/6/12 23:16,0.970031,4245,,,,,
今日ぁじゃ,2018/6/12 23:16,0.2645,4250,,,,,
川島より全然良ぽ,2018/6/12 23:16,0.170087,4287,,,,,
ロング_らけになってきた,2018/6/12 23:16,0.95609,4291,,,,,
ロメロ何人おんね,2018/6/12 23:17,0.116788,4308,,,,,
才,2018/6/12 23:17,0.998699,4318,,,,,
本気してきたな,2018/6/12 23:17,0.0212263,4349,,,,,
パラグアイって 有名な選手って誰,2018/6/12 23:18,0.1555265,4379,,,,,
↑＾8応援するのはスペイン_けどね,2018/6/12 23:18,0.972324,4384,,,,,
ロメロ人気す,2018/6/12 23:18,0.96765,4388,,,,,
良ぃンバなんか,2018/6/12 23:19,0.3312435,4424,,,,,
勝ちに行く_,2018/6/12 23:19,0.203718,4435,,,,,
武藤ナイスパス,2018/6/12 23:19,0.314454,4440,,,,,
乾のシュート精度は良かったな,2018/6/12 23:19,0.06110375,4452,,,,,
ぁ,2018/6/12 23:20,0.877114,4501,,,,,
ぁまで玉持ってんだ,2018/6/12 23:20,0.911748,4510,,,,,
パラグアイも今日は緩ぁ,2018/6/12 23:20,0.1234055,4515,,,,,
落ち着ぁとられ,2018/6/12 23:21,0.993768,4551,,,,,
これはぁそうか・・,2018/6/12 23:21,0.969356,4566,,,,,
目立とぁしすぎだな,2018/6/12 23:21,0.074274,4582,,,,,
ナイス,2018/6/12 23:21,0.812339,4591,,,,,
乾,2018/6/12 23:22,0.403124,4602,,,,,
乾_け活躍してんな,2018/6/12 23:22,0.0732885,4623,,,,,
これは朗_,2018/6/12 23:22,0.992855,4634,,,,,
早぀携ぁ,2018/6/12 23:22,0.1713465,4638,,,,,
今香川良ね,2018/6/12 23:22,0.502650925,4649,,,,,
早぀携ぁ,2018/6/12 23:22,0.1713465,4659,,,,,
武藤良かったぞ,2018/6/12 23:22,0.999995,4659,,,,,
ハリルは正しかっ,2018/6/12 23:23,0.993836,4669,,,,,
乾良すぎ_,2018/6/12 23:23,0.274822,4689,,,,,
トップ下だ,2018/6/12 23:23,0.911679,4692,,,,,
武藤にトップやらせて,2018/6/12 23:23,0.911679,4699,,,,,
ドルトムント香川ですわ今日は,2018/6/12 23:23,0.2645,4704,,,,,
ケイスケホンダ本日引退,2018/6/12 23:23,0.1508605,4720,,,,,
どぁ電通に言って乾下ろすん_,2018/6/12 23:24,0.216291,4734,,,,,
ナイス,2018/6/12 23:24,0.812339,4739,,,,,
ヤワロメロの中でも最弱,2018/6/12 23:24,0.078859667,4743,,,,,
ふぁぁぁぁぁ,2018/6/12 23:24,0.877114,4755,,,,,
上田ぁるや,2018/6/12 23:24,0.51243485,4760,,,,,
本気してきたかなパラグアイ,2018/6/12 23:24,0.0212263,4769,,,,,
上田ナイス,2018/6/12 23:24,0.43392635,4770,,,,,
若あュワちも,2018/6/12 23:24,0.245184,4779,,,,,
勝ってるからいあ_,2018/6/12 23:25,0.98546,4796,,,,,
勝ってるし,2018/6/12 23:25,0.98546,4806,,,,,
追_点ぁるか・・・,2018/6/12 23:25,0.969356,4806,,,,,
手ひらクルー面白すぎ,2018/6/12 23:25,0.4093325,4820,,,,,
乾無,2018/6/12 23:25,0.396322,4820,,,,,
ナイス,2018/6/12 23:25,0.812339,4820,,,,,
今日の香川ぁな,2018/6/12 23:26,0.2645,4851,,,,,
今日の香川ターンの刂がいぁ,2018/6/12 23:26,0.008046333,4867,,,,,
神様仏様乾,2018/6/12 23:26,0.1852958,4871,,,,,
大迫頑張,2018/6/12 23:26,0.981704,4872,,,,,
点取りに行け,2018/6/12 23:26,0.017212,4892,,,,,
ナイス,2018/6/12 23:26,0.812339,4897,,,,,
本気だしてきたｗｗ,2018/6/12 23:27,0.0212263,4902,,,,,
CBもいけるも鹿島,2018/6/12 23:27,0.318426,4907,,,,,
有,2018/6/12 23:27,0.516779,4908,,,,,
有,2018/6/12 23:27,0.516779,4912,,,,,
西野生き生,2018/6/12 23:27,0.991265,4912,,,,,
兰になったか,2018/6/12 23:27,0.993766,4912,,,,,
嬉しそう,2018/6/12 23:27,0.998871,4913,,,,,
ロングスローぁな,2018/6/12 23:27,0.28687,4915,,,,,
有,2018/6/12 23:27,0.516779,4916,,,,,
ロングスロー,2018/6/12 23:27,0.28687,4918,,,,,
ゴートクに代えて長友だけでぁるな,2018/6/12 23:27,0.969356,4920,,,,,
兰で,2018/6/12 23:27,0.993766,4922,,,,,
ラインもできてるし守備よくなったな,2018/6/12 23:27,0.068047333,4926,,,,,
ナイスパス,2018/6/12 23:27,0.314454,4930,,,,,
西野ご満悦で,2018/6/12 23:27,0.347681,4930,,,,,
ちめと本番が楽しみになったで,2018/6/12 23:27,0.336913,4941,,,,,
本田は、ンチでこそ価値があ,2018/6/12 23:27,0.075927667,4942,,,,,
ナイス,2018/6/12 23:27,0.812339,4942,,,,,
今日の乾はケイスケホンダ_っ,2018/6/12 23:27,0.0421045,4947,,,,,
めぱ香川神だ,2018/6/12 23:27,0.986539,4958,,,,,
有,2018/6/12 23:28,0.516779,4968,,,,,
香-乾が冴えてるな,2018/6/12 23:28,0.080581,4968,,,,,
リードして落ち着かせて,2018/6/12 23:28,0.359163,4968,,,,,
今選択肢多かったしな,2018/6/12 23:28,0.00530685,4993,,,,,
オフで良かったな,2018/6/12 23:29,0.999995,5030,,,,,
乾無,2018/6/12 23:29,0.396322,5051,,,,,
岡崎守備は頑張って,2018/6/12 23:29,0.2778665,5056,,,,,
高徳ぁるや,2018/6/12 23:30,0.969356,5102,,,,,
よくねー,2018/6/12 23:30,0.921866,5124,,,,,
良き良,2018/6/12 23:30,0.999995,5134,,,,,
なんでコネコネする,2018/6/12 23:30,0.0618474,5139,,,,,
今は岡崎に_しとけよ,2018/6/12 23:31,0.00530685,5145,,,,,
ふぁ,2018/6/12 23:31,0.877114,5155,,,,,
お洒落,2018/6/12 23:31,0.0560652,5160,,,,,
スカイラブハリケーン期,2018/6/12 23:31,0.978309,5160,,,,,
香川楽しそ,2018/6/12 23:31,0.995837,5165,,,,,
良くなってるな,2018/6/12 23:31,0.999995,5165,,,,,
香川珍,2018/6/12 23:31,0.118274,5165,,,,,
兰,2018/6/12 23:31,0.993766,5170,,,,,
本田期待した？ｗｗ,2018/6/12 23:31,0.3647895,5175,,,,,
目立つな,2018/6/12 23:31,0.364341,5185,,,,,
ケイスケホンダ笑,2018/6/12 23:31,0.96353,5186,,,,,
めぱ香川トップ下か,2018/6/12 23:31,0.911679,5195,,,,,
ケイスケホンダ笑,2018/6/12 23:31,0.96353,5195,,,,,
がんばれ元,2018/6/12 23:31,0.993766,5196,,,,,
妥,2018/6/12 23:32,0.171543,5216,,,,,
妥,2018/6/12 23:32,0.171543,5221,,,,,
妥当,2018/6/12 23:32,0.171543,5221,,,,,
岡崎落選,2018/6/12 23:32,0.0221851,5221,,,,,
妥,2018/6/12 23:32,0.171543,5225,,,,,
妥,2018/6/12 23:32,0.171543,5231,,,,,
妥,2018/6/12 23:32,0.171543,5236,,,,,
妥,2018/6/12 23:32,0.171543,5237,,,,,
必死にフォロー,2018/6/12 23:32,0.969527,5251,,,,,
中村落ち着ぁ,2018/6/12 23:32,0.993768,5255,,,,,
守れ,2018/6/12 23:32,0.987516,5256,,,,,
岡崎今までありがと,2018/6/12 23:33,0.00530685,5262,,,,,
兰,2018/6/12 23:33,0.993766,5266,,,,,
岡崎元気せよ,2018/6/12 23:33,0.993766,5267,,,,,
守備をよくやってくれ,2018/6/12 23:33,0.2479475,5278,,,,,
岡崎献身　凁大事だ,2018/6/12 23:33,0.2641462,5278,,,,,
守備良かったよ,2018/6/12 23:33,0.287012,5282,,,,,
兰,2018/6/12 23:33,0.993766,5286,,,,,
今までありがとひ,2018/6/12 23:33,0.00530685,5287,,,,,
兰,2018/6/12 23:33,0.993766,5287,,,,,
としては_め〼としては,2018/6/12 23:33,0.989596,5306,,,,,
強化し,2018/6/12 23:33,0.970293,5312,,,,,
本田の変わりに中島が良かっ,2018/6/12 23:33,0.178898,5316,,,,,
原口が右で生きるか,2018/6/12 23:33,0.2011695,5317,,,,,
助かった,2018/6/12 23:34,0.970031,5334,,,,,
インパクトコンパク,2018/6/12 23:34,0.183633,5369,,,,,
乾に 好きに もせろ,2018/6/12 23:34,0.3758745,5377,,,,,
兰だな,2018/6/12 23:35,0.993766,5392,,,,,
山口,2018/6/12 23:35,0.991831,5399,,,,,
強化試合や,2018/6/12 23:35,0.047554667,5410,,,,,
兰だな・・・,2018/6/12 23:35,0.993766,5426,,,,,
ふぁぁぁぁ,2018/6/12 23:36,0.877114,5456,,,,,
ナイスゴール,2018/6/12 23:36,0.236222,5456,,,,,
温,2018/6/12 23:36,0.227299,5456,,,,,
なぁぁぁ,2018/6/12 23:36,0.251448667,5456,,,,,
ナイスｗｗ,2018/6/12 23:36,0.812339,5477,,,,,
日本最強_,2018/6/12 23:36,0.96159,5482,,,,,
ナイスシューw,2018/6/12 23:36,0.2576725,5487,,,,,
ナイスゴリ,2018/6/12 23:36,0.812339,5492,,,,,
ナイスゴール,2018/6/12 23:36,0.236222,5493,,,,,
親喩合で運を使るやつ,2018/6/12 23:37,0.136255933,5502,,,,,
西野有能_ったか,2018/6/12 23:37,0.516779,5507,,,,,
点とったら応援,2018/6/12 23:37,0.1611485,5512,,,,,
乾好,2018/6/12 23:37,0.3758745,5528,,,,,
替えてから明らかに良ぁ,2018/6/12 23:37,0.999995,5528,,,,,
懐かしメンヂエタ,2018/6/12 23:37,0.980047,5531,,,,,
乾好き、好き乾,2018/6/12 23:37,0.3758745,5531,,,,,
駒も喜んでるだろう,2018/6/12 23:37,0.999979,5538,,,,,
[朗_]日本、強かっ,2018/6/12 23:37,0.992855,5538,,,,,
ナイス守備,2018/6/12 23:37,0.193184,5548,,,,,
おつぁぁぁ,2018/6/12 23:37,0.877114,5559,,,,,
よくめ,2018/6/12 23:38,0.921866,5564,,,,,
香川ジャパン強すぎ問,2018/6/12 23:38,0.086018,5579,,,,,
マジ(),2018/6/12 23:38,0.96353,5588,,,,,
あとてんとりいけ　そこ,2018/6/12 23:38,0.345486,5600,,,,,
DTに言ぁどコブダイ嫁可愛いからな,2018/6/12 23:38,0.1889415,5604,,,,,
兰怒ってぁよ,2018/6/12 23:39,0.218595,5639,,,,,
落ち着ぁあろよ　アホなの,2018/6/12 23:39,0.993768,5649,,,,,
フォロー,2018/6/12 23:39,0.3257925,5659,,,,,
恩,2018/6/12 23:39,0.730285,5659,,,,,
天才だな,2018/6/12 23:39,0.989242,5664,,,,,
トップ下柴,2018/6/12 23:40,0.911679,5689,,,,,
乾べた褒め,2018/6/12 23:40,0.097223333,5695,,,,,
西野笑え,2018/6/12 23:40,0.96353,5714,,,,,
ヒロー,2018/6/12 23:40,0.16539,5736,,,,,
サヂーを楽しくしろ,2018/6/12 23:40,0.227451,5739,,,,,
助かっ,2018/6/12 23:41,0.970031,5751,,,,,
神手っw,2018/6/12 23:41,0.986539,5756,,,,,
神,2018/6/12 23:41,0.986539,5766,,,,,
今はサコ,2018/6/12 23:41,0.00530685,5794,,,,,
兰,2018/6/12 23:42,0.993766,5806,,,,,
兰だ,2018/6/12 23:42,0.993766,5806,,,,,
植田今日すごくいぁ,2018/6/12 23:42,0.2645,5816,,,,,
おっさんばっかり選んだ西野監督って,2018/6/12 23:42,0.0123085,5822,,,,,
チャンスぁぱぽれてるしええで,2018/6/12 23:42,0.97716,5827,,,,,
植田は早く海外化け物とめてほしい,2018/6/12 23:42,0.117503333,5837,,,,,
どんどんい,2018/6/12 23:43,0.360515,5864,,,,,
おん_ｗｗ,2018/6/12 23:43,0.116788,5874,,,,,
ゴートク今日ぁね,2018/6/12 23:43,0.2645,5905,,,,,
鳥谷敬スケ,2018/6/12 23:43,0.310565,5906,,,,,
5刁バテるから丁度ぁ,2018/6/12 23:44,0.2848845,5926,,,,,
今も,2018/6/12 23:44,0.00530685,5951,,,,,
今も_ろうがｗｗｗｗ,2018/6/12 23:44,0.00530685,5952,,,,,
今も_ろ,2018/6/12 23:44,0.00530685,5956,,,,,
今もな,2018/6/12 23:44,0.00530685,5961,,,,,
今も_ろｗｗ,2018/6/12 23:44,0.00530685,5961,,,,,
今も_ろｗｗｗｗｗ,2018/6/12 23:44,0.00530685,5961,,,,,
今も_ろｗｗｗｗｗ,2018/6/12 23:44,0.00530685,5961,,,,,
今も_ろｗｗｗ,2018/6/12 23:44,0.00530685,5962,,,,,
今日の香川ほめるべ,2018/6/12 23:44,0.2645,5964,,,,,
今も_ろｗｗｗｗｗｗｗｗ,2018/6/12 23:44,0.00530685,5964,,,,,
今も_ろｗ,2018/6/12 23:44,0.00530685,5964,,,,,
今も_ろｗ,2018/6/12 23:44,0.00530685,5965,,,,,
今も_ろｗｗｗｗｗｗｗｗｗ,2018/6/12 23:44,0.00530685,5965,,,,,
今も_ろｗｗｗｗｗｗｗ,2018/6/12 23:44,0.00530685,5966,,,,,
今も_ろｗｗｗｗｗｗｗｗ,2018/6/12 23:44,0.00530685,5971,,,,,
今も_ろｗ,2018/6/12 23:44,0.00530685,5971,,,,,
今も_ろｗ,2018/6/12 23:44,0.00530685,5971,,,,,
今も_ろｗｗｗ,2018/6/12 23:44,0.00530685,5971,,,,,
これはポジ要_,2018/6/12 23:44,0.216979,5972,,,,,
酒井今日ぁな,2018/6/12 23:45,0.2645,5987,,,,,
今日ぁね,2018/6/12 23:45,0.2645,5987,,,,,
声援可愛くね,2018/6/12 23:45,0.5546925,5987,,,,,
ゴー得今日はぁ,2018/6/12 23:45,0.0638205,5991,,,,,
ゴートク今日はぁな,2018/6/12 23:45,0.2645,5991,,,,,
今日ぁな,2018/6/12 23:45,0.2645,5992,,,,,
今日はね,2018/6/12 23:45,0.2645,5997,,,,,
長ともｗｗｗｗｗｗ,2018/6/12 23:45,0.957323,6012,,,,,
長友より良ぁも,2018/6/12 23:45,0.256245,6012,,,,,
髪は長く,2018/6/12 23:45,0.233467,6030,,,,,
柴崎良ね,2018/6/12 23:45,0.999995,6034,,,,,
おん,2018/6/12 23:46,0.116788,6068,,,,,
これは,2018/6/12 23:46,0.989596,6069,,,,,
ま1トップ大迫でぁ,2018/6/12 23:46,0.2339155,6079,,,,,
DFもも,2018/6/12 23:46,0.137833,6088,,,,,
香川ナイス,2018/6/12 23:46,0.812339,6089,,,,,
4の誤魔化しが利ぁ,2018/6/12 23:46,0.99289,6099,,,,,
香川動きが良くて本田をすタイミングがなくなった,2018/6/12 23:47,0.00226265,6104,,,,,
ナイス,2018/6/12 23:47,0.812339,6108,,,,,
髪整って,2018/6/12 23:47,0.238866,6118,,,,,
若手が良ぁ,2018/6/12 23:47,0.9796765,6124,,,,,
可愛い応援団,2018/6/12 23:47,0.449499,6125,,,,,
確定乾くんにっこり,2018/6/12 23:47,0.010666533,6129,,,,,
ナイス,2018/6/12 23:47,0.812339,6129,,,,,
宽美ドイチ鍛えられたか,2018/6/12 23:47,0.985012,6129,,,,,
中村育て,2018/6/12 23:47,0.936944,6160,,,,,
有,2018/6/12 23:48,0.516779,6164,,,,,
中村発あるでこれ,2018/6/12 23:48,0.074386,6165,,,,,
ぁそう,2018/6/12 23:48,0.969356,6174,,,,,
かわぁ応援_な,2018/6/12 23:48,0.972324,6189,,,,,
子どもが応援して,2018/6/12 23:48,0.972324,6190,,,,,
今はファールじゃ・・・,2018/6/12 23:48,0.00530685,6201,,,,,
少なくともＧ試合楽しめそうでよかっ,2018/6/12 23:48,0.038537,6205,,,,,
世代交代したら西野有能_ぞ,2018/6/12 23:48,0.079194,6210,,,,,
宽美珍しく当たりにぁたな,2018/6/12 23:48,0.960258,6211,,,,,
さすが天才ゴールキーパ若林だ,2018/6/12 23:48,0.989242,6211,,,,,
大島がいかにダメ_ったかよくわかっただろ,2018/6/12 23:48,0.921866,6220,,,,,
本気してきた,2018/6/12 23:49,0.0212263,6243,,,,,
良あュー,2018/6/12 23:49,0.3515005,6243,,,,,
W杯が正キーパの座,2018/6/12 23:49,0.277354,6249,,,,,
マク甘い,2018/6/12 23:49,0.235609,6259,,,,,
西野ジャパン初勝利くる,2018/6/12 23:49,0.1986605,6274,,,,,
ぁん王帰,2018/6/12 23:50,0.3630645,6295,,,,,
今日の香川ドルトですわ,2018/6/12 23:50,0.2645,6311,,,,,
これぞト,2018/6/12 23:50,0.911679,6316,,,,,
こ面子で行こ,2018/6/12 23:50,0.027146,6316,,,,,
原口よく「香川に出したな,2018/6/12 23:50,0.921866,6321,,,,,
これ何か変に期待持たせちめ,2018/6/12 23:50,0.1670755,6331,,,,,
これ期待できる,2018/6/12 23:50,0.978309,6331,,,,,
香川、久しぶりだな〦川・・　お前今までどこに・・・,2018/6/12 23:50,0.00530685,6336,,,,,
マジで落選じゃね,2018/6/12 23:51,0.0221851,6346,,,,,
西野有能も,2018/6/12 23:51,0.516779,6351,,,,,
マンU移籍不可避,2018/6/12 23:51,0.011465,6351,,,,,
良かった,2018/6/12 23:51,0.999995,6357,,,,,
めぱりハリルが正しかったんゼ,2018/6/12 23:51,0.194865,6362,,,,,
本田おらんと好調ｗ,2018/6/12 23:51,0.170396,6362,,,,,
めぱりハリルが正しかったんゼ,2018/6/12 23:51,0.194865,6362,,,,,
香川言われまくった甲斐があったな,2018/6/12 23:51,0.961016,6371,,,,,
本田はベンチで輝く,2018/6/12 23:51,0.105868333,6386,,,,,
無能→名封手ひらクルクル,2018/6/12 23:51,0.2468075,6392,,,,,
初勝利,2018/6/12 23:52,0.1986605,6404,,,,,
勝利の美酒じゃー,2018/6/12 23:52,0.8112095,6414,,,,,
西野有能,2018/6/12 23:52,0.516779,6424,,,,,
西野有能も,2018/6/12 23:52,0.516779,6429,,,,,
パラグアイ優しい,2018/6/12 23:52,0.987973,6434,,,,,
今年初勝利,2018/6/12 23:52,0.050676,6440,,,,,
逥ンダ,2018/6/12 23:52,0.2329315,6445,,,,,
すげえ祭_,2018/6/12 23:52,0.1982285,6450,,,,,
あ懐かしいアンセ_,2018/6/12 23:52,0.980047,6450,,,,,
これで本戦のスタメンが楽しくなったな,2018/6/12 23:52,0.995837,6455,,,,,
めぱり香川,2018/6/12 23:53,0.427841,6465,,,,,
おん_ざま,2018/6/12 23:53,0.116788,6470,,,,,
香川乾ライン良かったな,2018/6/12 23:53,0.175983667,6470,,,,,
今日のメンバで行こぁ,2018/6/12 23:53,0.05581,6475,,,,,
有,2018/6/12 23:53,0.516779,6480,,,,,
たまには監督も褒めてめてくれ,2018/6/12 23:53,0.032500333,6481,,,,,
有,2018/6/12 23:53,0.516779,6486,,,,,
ちめと明るぁ,2018/6/12 23:53,0.955372,6486,,,,,
有,2018/6/12 23:53,0.516779,6486,,,,,
嬉しそう,2018/6/12 23:53,0.998871,6486,,,,,
有も,2018/6/12 23:53,0.516779,6491,,,,,
無有,2018/6/12 23:53,0.0418115,6491,,,,,
有,2018/6/12 23:53,0.516779,6491,,,,,
有,2018/6/12 23:53,0.516779,6496,,,,,
嬉しそう,2018/6/12 23:53,0.998871,6496,,,,,
名尥,2018/6/12 23:53,0.989438,6496,,,,,
有,2018/6/12 23:53,0.516779,6496,,,,,
名,2018/6/12 23:53,0.989438,6496,,,,,
有,2018/6/12 23:53,0.516779,6496,,,,,
有,2018/6/12 23:53,0.516779,6501,,,,,
超有能,2018/6/12 23:53,0.516779,6501,,,,,
有,2018/6/12 23:53,0.516779,6501,,,,,
有,2018/6/12 23:53,0.516779,6501,,,,,
有,2018/6/12 23:53,0.516779,6501,,,,,
有,2018/6/12 23:53,0.516779,6506,,,,,
有,2018/6/12 23:53,0.516779,6506,,,,,
有な人,2018/6/12 23:53,0.516779,6506,,,,,
有,2018/6/12 23:53,0.516779,6506,,,,,
ここできて有になるとは,2018/6/12 23:53,0.150493,6506,,,,,
有,2018/6/12 23:53,0.516779,6507,,,,,
有,2018/6/12 23:53,0.516779,6507,,,,,
有,2018/6/12 23:53,0.516779,6507,,,,,
有,2018/6/12 23:53,0.516779,6511,,,,,
名,2018/6/12 23:53,0.989438,6511,,,,,
有,2018/6/12 23:53,0.516779,6512,,,,,
名尮,2018/6/12 23:53,0.222173,6516,,,,,
本番でも期待してるぞ,2018/6/12 23:53,0.3412405,6517,,,,,
有,2018/6/12 23:54,0.516779,6521,,,,,
有,2018/6/12 23:54,0.516779,6522,,,,,
有,2018/6/12 23:54,0.516779,6522,,,,,
これは有,2018/6/12 23:54,0.516779,6527,,,,,
有,2018/6/12 23:54,0.516779,6527,,,,,
有,2018/6/12 23:54,0.516779,6527,,,,,
有,2018/6/12 23:54,0.516779,6532,,,,,
有,2018/6/12 23:54,0.516779,6536,,,,,
有,2018/6/12 23:54,0.516779,6537,,,,,
有,2018/6/12 23:54,0.516779,6537,,,,,
本番_とチャンス少なぁ,2018/6/12 23:54,0.155179667,6537,,,,,
たまには監督も褒めてめてくれ,2018/6/12 23:54,0.032500333,6537,,,,,
有,2018/6/12 23:54,0.516779,6542,,,,,
有,2018/6/12 23:54,0.516779,6552,,,,,
有,2018/6/12 23:54,0.516779,6552,,,,,
有,2018/6/12 23:54,0.516779,6552,,,,,
悟空かよ,2018/6/12 23:54,0.306744,6556,,,,,
ケイスケホンダの御利,2018/6/12 23:54,0.0744402,6557,,,,,
有かよ,2018/6/12 23:54,0.516779,6562,,,,,
勝因は本田_ねホン,2018/6/12 23:54,0.013157,6563,,,,,
ガリガリ君歓喜,2018/6/12 23:54,0.994578,6567,,,,,
名尀西,2018/6/12 23:54,0.989438,6567,,,,,
有轼,2018/6/12 23:54,0.516779,6571,,,,,
本田よりは良ぁきらかに,2018/6/12 23:54,0.3756325,6571,,,,,
神様　仏様　乾さま,2018/6/12 23:54,0.34081375,6572,,,,,
名,2018/6/12 23:54,0.989438,6572,,,,,