#,0.13077096345374178
daihyo,0.027763564036115743
、,0.02434676394368057
の,0.020781407325487347
代表,0.015169271907960979
:,0.015152765627321195
日本,0.013667200369740687
！,0.013353581037584801
RT,0.012742848653912814
@,0.012742848653912814
。,0.01229717907663866
が,0.01209910370896126
パラグアイ,0.012049584867041909
に,0.011207764554412953
は,0.010778601257778585
https,0.01051450076754205
/,0.010167868874106598
t,0.010118350032187248
.,0.01003581862898833
て,0.00998629978706898
://,0.00993678094514963
co,0.009903768383870063
で,0.009243517158278725
スタメン,0.008368684284370202
な,0.008098094673491383
試合,0.00739481372662298
を,0.007097700675106879
…,0.007015169271907961
_,0.0066520310978327255
▼,0.006569499694633808
jfa,0.006189855239918789
戦,0.006107323836719872
と,0.006041298714160738
香川,0.005843223346483337
柴崎,0.005843223346483337
た,0.005348034927289834
乾,0.00523249096281135
0,0.005116946998332866
し,0.005083934437053299
SAMURAIBLUE,0.005017909314494165
東口,0.0047703151048974135
【,0.00470428998233828
か,0.004572239737220012
発表,0.004489708334021095
も,0.004357658088902827
山口,0.004341151808263044
】,0.00422560784378456
9,0.004209101563144776
ない,0.004176089001865209
親善,0.004077051318026509
キックオフ,0.004060545037386725
国際,0.0039284947922684586
サッカー,0.0038294571084297574
遠藤,0.0038294571084297574
昌子,0.0037634319858706237
武藤,0.00374692570523084
GK,0.0037304194245910568
植田,0.003664394302031923
岡崎,0.0036478880213921395
大会,0.0036478880213921395
6,0.003631381740752356
酒井,0.0034828252149943055
🇵🇾,0.003433306373074955
MF,0.0033672812505158214
12,0.0033672812505158214
(,0.003317762408596471
DF,0.0032682435666771207
いい,0.0032517372860373372
samuraiblue,0.003202218444117987
てる,0.0031457165660806422
中継,0.003136193321558853
「,0.0031021794404726397
情報,0.0030371556377201524
ます,0.002975677832778986
から,0.0028885991119621014
3,0.002872092831322318
22,0.002872092831322318
生,0.0028555865506825345
岳,0.0028555865506825345
日本テレビ,0.002839080270042751
系,0.002839080270042751
全国,0.002806067708763184
2,0.0027895614281234007
▷,0.0027895614281234007
🇯🇵,0.0027730551474836177
選手,0.0027565488668438343
FW,0.002740042586204051
だ,0.002740042586204051
蛍,0.0027235363055642674
：,0.002635600366175673
-,0.0026244986217255667
・,0.002614345524512966
10,0.002591486060446
慎,0.0025711757524638093
ん,0.0025419672185266495
vs,0.0025089546572470826
直通,0.002486816474536724
　,0.002465561632874017
昭,0.002465561632874017
この,0.002465561632874017
真司,0.0024594358153277322
🇵🇾📺,0.002459385502356687
（,0.0023934106927685985
chidajunsei,0.002376904412128815
3163,0.002376904412128815
PU,0.002376904412128815
254,0.002376904412128815
yMH,0.002376904412128815
65,0.002376904412128815
源,0.002376904412128815
う,0.002284552975999103
？,0.002261360447650331
ね,0.0022448541670105474
）,0.0021788290444514137
14,0.00216232276381163
高徳,0.0021458164831718468
航,0.0020962976412524964
キャプテン,0.002087608753930215
zhOvP,0.002079791360612713
vUpJ,0.002079791360612713
火,0.002040464799619876
W,0.0020401720644549794
です,0.0020302725186933626
今日,0.0019807536767740127
05,0.0019642473961342293
7,0.0019642473961342293
分,0.0019642473961342293
司,0.001955445432969048
貴士,0.0019477411154944456
高,0.0019341905913063408
順,0.0019147285542148787
2018,0.0018652097122955284
1,0.0018491712246555127
),0.001848703431655745
先発,0.0018321971510159615
さん,0.001766172028456828
い,0.0017496657478170445
力,0.0017166531865374776
⚽,0.0017001469058976941
ワールドカップ,0.0017001469058976941
よ,0.0016671343446181272
C,0.0016506280639783438
16,0.0016341217833385603
夢,0.001617615502698777
21,0.001617615502698777
前,0.00158460294141921
けど,0.0015515903801396431
嘉紀,0.0015350840994998597
5,0.0015020715382202928
日,0.0014855652575805093
SoccerKingJP,0.0014690589769407259
や,0.001453273251392588
出場,0.0014195401350213755
予定,0.001403033854381592
📺,0.001403033854381592
️,0.001403033854381592
開始,0.001397378126339027
する,0.0013865275737418089
メンバー,0.0013865275737418089
入り,0.0013694305638122465
」,0.001320502451182675
より,0.0012874898899031082
速報,0.0012874898899031082
時,0.0012874898899031082
こちら,0.0012709836092633247
！#,0.0012604430212408845
引退,0.0012540356580997155
13,0.0012379710479837578
見,0.001201745188651563
期待,0.0011884522060644075
西野,0.0011884522060644075
杯,0.001171945925424624
さ,0.0011690162914488873
いる,0.0011554396447848406
SAMURAI,0.0011389333641450572
BLUE,0.0011389333641450572
xG,0.001102887643585774
igq,0.001102887643585774
oHu,0.001102887643585774
🗣,0.001102887643585774
編集,0.001102887643585774
部,0.001102887643585774
方,0.0010729082415859234
まで,0.00105640196094614
じゃ,0.00105640196094614
w,0.0010241099547582187
って,0.001023389399666573
soccer,0.001020232399809938
良い,0.0010068831190267896
:/…,0.0010061122509640993
‼,0.0010061122509640993
これ,0.000998977558147231
前半,0.0009903768383870064
そう,0.0009903768383870064
応援,0.0009903768383870064
kashima,0.000984721110344441
キャンペーン,0.0009781646884373188
実施,0.0009781646884373188
ボール,0.0009781646884373188
ー,0.0009564678748218169
OFFICIAL,0.0009502171259105383
ntv,0.0009502171259105383
4,0.0009408579964676559
人,0.0009408579964676559
あと,0.0009243517158278725
なぁ,0.0009222695633837577
ビジャール,0.000907845435188089
Cap,0.0009059434215168857
)…,0.0009059434215168857
Ab,0.0009059434215168857
出,0.0008943220008569772
本田,0.0008927033498336959
年,0.0008927033498336959
パス,0.0008583265932687388
監督,0.0008501936665082818
向け,0.0008418203126289553
気,0.0007864291415201606
🔻,0.000782531750749855
なく,0.000782531750749855
)、,0.0007757951900698216
き,0.0007545841882230746
相手,0.0007545841882230746
？#,0.0007483880438617752
パフォーマンス,0.0007439194581947465
本日,0.0007427826287902547
感じ,0.0007427826287902547
本,0.0007262763481504712
縦,0.0007262763481504712
GAMBA,0.0007226646165320394
今,0.0007226646165320394
ピッチ,0.0007089991994479975
フォーメーション,0.0007014097748693324
ナオ,0.0006986890631695135
アントラーズ,0.0006986890631695135
モバイル,0.0006986890631695135
笑,0.0006986890631695135
番,0.0006986890631695135
解説,0.0006932637868709044
素晴らしい,0.0006932637868709044
最後,0.0006932637868709044
8,0.000676757506231121
だろ,0.000676757506231121
ば,0.000676757506231121
なら,0.000676757506231121
しか,0.0006696103550342199
また,0.0006602512255913375
たら,0.0006602512255913375
だけ,0.0006602512255913375
ある,0.0006437449449515541
ぞ,0.0006427939381159523
GoalJP,0.0006302215106204422
お願い,0.0006272386643117706
とか,0.0006107323836719872
そして,0.0006107323836719872
⇒,0.0006107323836719872
復帰,0.0005951355665557972
何,0.0005951355665557972
webstyleking,0.0005942261030322038
中,0.0005942261030322038
わ,0.0005942261030322038
性,0.0005908326662066647
思う,0.0005777198223924203
ジャパン,0.0005777198223924203
後,0.0005777198223924203
/…,0.0005738807248930902
もう,0.0005612135417526369
こと,0.0005612135417526369
WorldCup,0.0005612135417526369
なる,0.0005612135417526369
られ,0.0005589512505356108
所属,0.000551443821792887
違う,0.000551443821792887
時間,0.0005447072611128534
マッチ,0.0005310036880088303
でし,0.0005310036880088303
記事,0.00052820098047307
⁠,0.00052820098047307
nohohon,0.0005120549773791094
言っ,0.0005120549773791094
❗,0.0005120549773791094
終了,0.0005120549773791094
『,0.0005120549773791094
原口,0.0005120549773791094
J,0.0005116946998332865
スイス,0.0005116946998332865
よう,0.000510116199904969
なっ,0.000510116199904969
foot,0.0005030561254820497
みたい,0.0005030561254820497
日テレ,0.0004951884191935032
れ,0.0004951884191935032
なかっ,0.0004951884191935032
交代,0.0004951884191935032
dtm,0.000488861358242262
V,0.000488861358242262
キーパー,0.00047510856295526917
nikkan,0.00047510856295526917
へ,0.00047510856295526917
見える,0.00047510856295526917
強化,0.0004726661329653317
セレッソ,0.0004726661329653317
結果,0.0004676065165795549
スタジアム,0.0004676065165795549
－,0.00046217585791393623
atlrs,0.00046217585791393623
駒野,0.00046217585791393623
入れ替え,0.0004471610004284886
ここ,0.00044635167491684794
本番,0.00044635167491684794
ultrasoccer,0.00044635167491684794
ゴール,0.00044635167491684794
antlers,0.00044566957727415284
だっ,0.00044566957727415284
ロシア,0.00044566957727415284
翼,0.00043327728855155405
Ｊ,0.00043327728855155405
初,0.00043327728855155405
飾っ,0.00043327728855155405
いよいよ,0.00043327728855155405
!?,0.00043327728855155405
よく,0.00043327728855155405
２,0.0004291632966343694
#…,0.0004291632966343694
やっ,0.0004291632966343694
やっぱり,0.0004291632966343694
サイド,0.0004291632966343694
的,0.0004291632966343694
大島,0.0004250968332541409
ほう,0.0004250968332541409
お疲れ様,0.0004250968332541409
A,0.00041265701599458595
official,0.00041265701599458595
League,0.00041265701599458595
YPU,0.00040384199159143385
NS,0.00040384199159143385
!,0.00040384199159143385
それ,0.00040384199159143385
という,0.0003961507353548025
思っ,0.0003961507353548025
やん,0.0003961507353548025
変え,0.0003938884441377764
JFA,0.0003938884441377764
良,0.0003938884441377764
獲得,0.0003938884441377764
元気,0.0003938884441377764
ハノーファー,0.0003938884441377764
移籍,0.0003938884441377764
背番号,0.0003938884441377764
契約,0.0003938884441377764
やり,0.0003938884441377764
勝つ,0.0003912658753749275
超,0.0003912658753749275
こっち,0.0003912658753749275
あの,0.0003912658753749275
始まる,0.0003912658753749275
＼#,0.0003912658753749275
〜,0.0003912658753749275
ちゃん,0.00038258714992872676
たい,0.00038258714992872676
セレモニー,0.00038258714992872676
予想,0.00037964445471501906
️🇯🇵,0.00037964445471501906
くれ,0.00037964445471501906
でも,0.00037964445471501906
チーム,0.00037964445471501906
まだ,0.00037964445471501906
gekisaka,0.000363318312848147
，,0.000363318312848147
JPN,0.000363318312848147
ねぇ,0.000363318312848147
kenbun,0.000363318312848147
いっ,0.000363318312848147
本戦,0.000363318312848147
俺,0.000363318312848147
コロンビア,0.0003631381740752356
攻撃,0.0003631381740752356
なんか,0.0003631381740752356
お,0.0003631381740752356
sn,0.0003631381740752356
点,0.0003613323082660197
月,0.0003613323082660197
たかっ,0.00035449959972399874
誰,0.00035449959972399874
いつも,0.00035449959972399874
え,0.00035449959972399874
攻め,0.00035449959972399874
普通,0.00035449959972399874
突破,0.00035449959972399874
11,0.00035449959972399874
着用,0.00035449959972399874
PlLrJz,0.00035449959972399874
gRX,0.00035449959972399874
期間,0.00035449959972399874
年間,0.00035449959972399874
キッカー,0.00035449959972399874
億,0.00035449959972399874
2000,0.00035449959972399874
万,0.00035449959972399874
円,0.00035449959972399874
まし,0.0003466318934354522
でき,0.0003466318934354522
30,0.00034007746660331267
ω,0.00034007746660331267
一番,0.00034007746660331267
勝っ,0.00034007746660331267
立ち上がり,0.00034007746660331267
！！！#,0.0003353707503213665
🇯🇵🇵🇾,0.0003353707503213665
０,0.0003353707503213665
nDZkThBtm,0.0003353707503213665
岡田,0.0003353707503213665
展開,0.0003353707503213665
😁,0.0003353707503213665
👇,0.0003353707503213665
見え,0.0003353707503213665
北澤,0.00033012561279566877
テキスト,0.00033012561279566877
長友,0.00033012561279566877
～,0.00033012561279566877
経過,0.00033012561279566877
動き,0.00033012561279566877
ラスト,0.0003188226249406057
対,0.0003188226249406057
言う,0.0003188226249406057
トップ,0.0003188226249406057
S,0.0003151107553102211
声,0.0003151107553102211
勝て,0.0003151107553102211
×,0.0003151107553102211
もん,0.0003151107553102211
[@,0.0003151107553102211
Hanno,0.0003151107553102211
せ,0.0003136193321558853
ck,0.0003136193321558853
ところ,0.0003136193321558853
感,0.0003136193321558853
少ない,0.0003074231877945859
あれ,0.0003074231877945859
チャンス,0.0003074231877945859
WS,0.0003074231877945859
フラッグ,0.0003074231877945859
テスト,0.0003074231877945859
　#,0.0003074231877945859
daih,0.0003074231877945859
たち,0.0003074231877945859
なかなか,0.0003074231877945859
変わっ,0.0003074231877945859
🇷🇺,0.0003074231877945859
リーガー,0.0003074231877945859
あなた,0.0003074231877945859
知っ,0.0003074231877945859
よる,0.0003074231877945859
ゲーム,0.0002975677832778986
ｗ,0.0002975677832778986
初戦,0.0002975677832778986
どう,0.0002975677832778986
』,0.0002975677832778986
ほしい,0.0002971130515161019
ch,0.0002971130515161019
!!▼,0.0002971130515161019
のに,0.0002971130515161019
ええ,0.0002971130515161019
プレー,0.0002971130515161019
悪く,0.0002971130515161019
頑張れ,0.00028060677087631843
】⚽,0.00028060677087631843
15,0.00028060677087631843
看板,0.00028060677087631843
ご,0.0002794756252678054
(´,0.0002794756252678054
守備,0.0002794756252678054
下,0.0002794756252678054
金,0.0002794756252678054
2021,0.0002794756252678054
公式,0.0002794756252678054
面白い,0.00027631294161519155
最終,0.00027631294161519155
ライン,0.00027631294161519155
リーグ,0.00027631294161519155
シュート,0.0002757219108964435
mB,0.0002757219108964435
UGNfR,0.0002757219108964435
83,0.0002757219108964435
uSd,0.0002757219108964435
形,0.0002757219108964435
みる,0.0002757219108964435
放送,0.0002757219108964435
使っ,0.0002757219108964435
ベスト,0.0002757219108964435
半端,0.0002757219108964435
み,0.0002757219108964435
思い,0.0002757219108964435
られる,0.0002757219108964435
グループ,0.0002757219108964435
使わ,0.0002757219108964435
Worldcup,0.000264100490236535
なー,0.000264100490236535
到着,0.000264100490236535
Official,0.000264100490236535
みんな,0.000264100490236535
取っ,0.0002550580999524845
長谷部,0.0002550580999524845
▽,0.0002550580999524845
dai,0.0002550580999524845
変更,0.0002550580999524845
早い,0.0002550580999524845
kosetsutj,0.0002550580999524845
一,0.0002515280627410248
今回,0.0002515280627410248
者,0.0002515280627410248
がんばれ,0.0002515280627410248
そこ,0.0002515280627410248
やろ,0.0002515280627410248
ドイツ,0.0002515280627410248
推定,0.0002515280627410248
１,0.0002475942095967516
worldcup,0.0002475942095967516
右,0.0002475942095967516
都,0.00023633306648266584
挑む,0.00023633306648266584
j,0.00023633306648266584
左,0.00023633306648266584
とりあえず,0.00023633306648266584
行う,0.00023633306648266584
前回,0.00023633306648266584
氏,0.00023633306648266584
違和感,0.00023633306648266584
金髪,0.00023633306648266584
楽しい,0.00023633306648266584
ガリガリ,0.00023633306648266584
20,0.00023633306648266584
良く,0.00023633306648266584
簡単,0.00023633306648266584
動画,0.00023633306648266584
本並,0.00023633306648266584
ありがとう,0.00023633306648266584
意味,0.00023633306648266584
デビュー,0.00023380325828977746
詳細,0.00023380325828977746
負け,0.00023380325828977746
PK,0.00023380325828977746
欲しい,0.00023380325828977746
くらい,0.00023380325828977746
あっ,0.00023108792895696812
出す,0.00023108792895696812
ず,0.00023108792895696812
勝利,0.00023108792895696812
可能,0.00023108792895696812
こんな,0.00023108792895696812
許し,0.00023108792895696812
ぐらい,0.0002235805002142443
っ,0.0002235805002142443
組,0.0002235805002142443
予感,0.0002235805002142443
協会,0.0002235805002142443
全然,0.0002235805002142443
プレス,0.0002235805002142443
強い,0.0002235805002142443
コンビ,0.0002235805002142443
CB,0.0002235805002142443
活躍,0.0002235805002142443
ので,0.0002235805002142443
上手く,0.0002235805002142443
クロス,0.0002235805002142443
ボランチ,0.0002235805002142443
じゃん,0.0002145816483171847
見る,0.0002145816483171847
《,0.0002145816483171847
》,0.0002145816483171847
いえ,0.0002145816483171847
くる,0.0002145816483171847
やっぱ,0.0002145816483171847
名前,0.0002145816483171847
ねー,0.00021254841662707045
ワール,0.00021254841662707045
)#,0.00021254841662707045
前線,0.00021254841662707045
同じ,0.00021254841662707045
入っ,0.00019807536767740125
好き,0.00019807536767740125
かも,0.00019807536767740125
ため,0.00019807536767740125
あり,0.0001969442220688882
スターティング,0.0001969442220688882
70,0.0001969442220688882
っていう,0.0001969442220688882
でる,0.0001969442220688882
;&,0.0001969442220688882
見せ,0.0001969442220688882
ｗｗｗｗｗ,0.0001969442220688882
後ろ,0.0001969442220688882
元,0.0001969442220688882
使え,0.0001969442220688882
狙い,0.0001969442220688882
JAPAN,0.0001969442220688882
出さ,0.0001969442220688882
っけ,0.0001969442220688882
サナブリア,0.0001969442220688882
安定,0.0001969442220688882
www,0.0001969442220688882
持っ,0.0001969442220688882
まんま,0.0001969442220688882
ポジショニング,0.0001969442220688882
18,0.0001969442220688882
まぁ,0.0001969442220688882
テンポ,0.0001969442220688882
外し,0.0001969442220688882
Brewery,0.0001969442220688882
オフィシャルビール,0.0001969442220688882
ファミリーマート,0.0001969442220688882
サークル,0.0001969442220688882
Ｋ,0.0001969442220688882
ピン,0.0001969442220688882
付,0.0001969442220688882
パック,0.0001969442220688882
販売,0.0001969442220688882
🍺,0.0001969442220688882
船,0.0001969442220688882
乗ろ,0.0001969442220688882
数,0.0001969442220688882
しまう,0.0001969442220688882
務める,0.0001969442220688882
2013,0.0001969442220688882
豪,0.0001969442220688882
つかれ,0.0001969442220688882
判断,0.0001969442220688882
ＧＫ,0.0001969442220688882
41,0.0001969442220688882
歳,0.0001969442220688882
来る,0.0001969442220688882
南米,0.0001969442220688882
いける,0.0001969442220688882
ちらほら,0.0001969442220688882
BoO,0.00019563293768746375
メンツ,0.00019563293768746375
M,0.00019563293768746375
たくさん,0.00019563293768746375
P,0.00019563293768746375
ﾆｨｯﾎﾟｰ,0.00019563293768746375
PARJPN,0.00019563293768746375
スペイン,0.00019563293768746375
こそ,0.00019563293768746375
以上,0.00019563293768746375
大きく,0.00019563293768746375
枚,0.00019563293768746375
📅,0.00019563293768746375
来,0.00019563293768746375
機会,0.00019563293768746375
📣,0.00019563293768746375
ら,0.00019563293768746375
勝ち,0.00019563293768746375
国,0.00019563293768746375
なあ,0.00019563293768746375
ハリル,0.00019563293768746375
記念,0.00019563293768746375
いつ,0.00019129357496436338
出し,0.00019129357496436338
FootballTribeJP,0.00019129357496436338
⁠⁠,0.00019129357496436338
得点,0.00019129357496436338
目,0.00019129357496436338
鹿島,0.00019129357496436338
ちゃう,0.00019129357496436338
チェンジ,0.00019129357496436338
海外,0.00019129357496436338
第,0.0001815690870376178
すぎ,0.0001815690870376178
Ｊリーグ,0.0001815690870376178
tajiko,0.0001815690870376178
アンカー,0.0001815690870376178
観戦,0.0001815690870376178
くん,0.0001815690870376178
起用,0.0001815690870376178
舐め,0.0001815690870376178
君,0.00017003873330165634
良かっ,0.00017003873330165634
せい,0.00017003873330165634
そんな,0.00017003873330165634
まあ,0.00017003873330165634
たまに,0.00017003873330165634
footalk,0.00016768537516068324
Ｗ杯,0.00016768537516068324
よい,0.00016768537516068324
ｗｗｗ,0.00016768537516068324
にて,0.00016768537516068324
livedoornews,0.00016768537516068324
岡,0.00016768537516068324
聞い,0.00016768537516068324
非常,0.00016768537516068324
実況,0.00016768537516068324
ytv,0.00016768537516068324
劇的,0.00016768537516068324
皆,0.00016768537516068324
やる,0.00016768537516068324
巨大,0.00016768537516068324
→,0.00016768537516068324
いく,0.00016768537516068324
くれる,0.00016768537516068324
サブ,0.00016768537516068324
鹿島アントラーズ,0.00016768537516068324
なんて,0.00016768537516068324
居,0.00016768537516068324
楔,0.00016768537516068324
練習,0.00016768537516068324
限定,0.00016768537516068324
っぽい,0.00016768537516068324
最近,0.00016768537516068324
売れ,0.00016768537516068324
VS,0.00016506280639783438
無い,0.00016506280639783438
ユニフォーム,0.00016506280639783438
ｗｗｗｗｗｗｗｗｗｗｗｗ,0.00016506280639783438
。#,0.00016506280639783438
ちょっと,0.00016506280639783438
高い,0.00016506280639783438
阿部,0.00016506280639783438
｀),0.00016506280639783438
／,0.00016506280639783438
希望,0.00016506280639783438
めっちゃ,0.00016506280639783438
気持ち,0.00016506280639783438
感じる,0.00016506280639783438
インスブルック,0.00015755537765511056
しろ,0.00015755537765511056
&,0.00015755537765511056
ｵｰ,0.00015755537765511056
ﾊﾞﾓﾆｨｯﾎﾟｰ,0.00015755537765511056
ｵｲｵｲｵｲｵｲ,0.00015755537765511056
外,0.00015755537765511056
？　#,0.00015755537765511056
ファースト,0.00015755537765511056
決め,0.00015755537765511056
yurical,0.00015755537765511056
がらっと,0.00015755537765511056
バリエーション,0.00015755537765511056
👀,0.00015755537765511056
DtipgF,0.00015755537765511056
Oaq,0.00015755537765511056
多い,0.00015755537765511056
フロンターレ,0.00015755537765511056
2016,0.00015755537765511056
たれ,0.00015755537765511056
n,0.00015755537765511056
らしい,0.00015755537765511056
🤔,0.00015755537765511056
試す,0.00015755537765511056
たく,0.00015755537765511056
現在,0.00015755537765511056
チェック,0.00015755537765511056
真ん中,0.00015755537765511056
いま,0.00015755537765511056
間,0.00015755537765511056
わかる,0.00015755537765511056
とても,0.00015755537765511056
※,0.00015755537765511056
一つ,0.00015755537765511056
私,0.00015755537765511056
印象,0.00015755537765511056
システム,0.00015755537765511056
取れる,0.00015755537765511056
どうしても,0.00015755537765511056
組み合わせ,0.00015755537765511056
ちゃっ,0.00015755537765511056
どこ,0.00015755537765511056
ぜ,0.00015755537765511056
とる,0.00015755537765511056
師,0.00015755537765511056
”,0.00015755537765511056
なり,0.00015755537765511056
度,0.0001487838916389493
だって,0.0001487838916389493
観,0.0001487838916389493
コンディション,0.0001487838916389493
！！#,0.0001487838916389493
でしょ,0.0001487838916389493
回,0.0001487838916389493
入れ,0.0001487838916389493
速い,0.0001487838916389493
s,0.00014855652575805094
＃,0.00014855652575805094
始まっ,0.00014855652575805094
直前,0.00014855652575805094
もの,0.00014855652575805094
もっと,0.00014855652575805094
できる,0.00014855652575805094
U,0.00014855652575805094
めちゃくちゃ,0.00014855652575805094
カウンター,0.0001397378126339027
イメージ,0.0001397378126339027
大迫,0.0001397378126339027
作っ,0.0001397378126339027
しっかり,0.0001397378126339027
タイミング,0.0001397378126339027
企画,0.0001397378126339027
フォロー,0.0001397378126339027
L,0.0001397378126339027
ください,0.0001397378126339027
ﾆｨｯﾎﾟ,0.0001397378126339027
fWU,0.0001397378126339027
全員,0.0001397378126339027
全,0.0001397378126339027
チャント,0.0001397378126339027
悪,0.0001397378126339027
レジェンド,0.0001397378126339027
斬る,0.0001397378126339027
ＦＩＦＡ,0.0001397378126339027
準備,0.0001397378126339027
策,0.0001397378126339027
ハマり,0.0001397378126339027
興味深,0.0001397378126339027
調整,0.0001397378126339027
大幅,0.0001397378126339027
現地,0.0001397378126339027
（´-`）.｡,0.0001397378126339027
oO,0.0001397378126339027
スタンド,0.0001397378126339027
並ぶ,0.0001397378126339027
oliver,0.0001397378126339027
Tsubasa,0.0001397378126339027
gPNAl,0.0001397378126339027
xbcW,0.0001397378126339027
あ,0.0001397378126339027
二,0.0001397378126339027
とき,0.0001397378126339027
!!,0.0001397378126339027
公言,0.0001397378126339027
飾れる,0.0001397378126339027
）⏰,0.0001397378126339027
⚽#,0.0001397378126339027
ttYtLdFlc,0.0001397378126339027
試し,0.0001397378126339027
90,0.0001397378126339027
弱い,0.0001397378126339027
固定,0.0001397378126339027
距離,0.0001397378126339027
裏,0.0001397378126339027
FIFA,0.0001397378126339027
作り,0.0001397378126339027
やめ,0.0001397378126339027
サンクス,0.0001397378126339027
バッジ,0.0001397378126339027
スピード,0.0001397378126339027
つ,0.0001397378126339027
疲れ,0.0001397378126339027
お疲れさま,0.0001397378126339027
ワクワク,0.0001320502451182675
K,0.0001320502451182675
なん,0.0001320502451182675
ｵｲ,0.0001320502451182675
サイドバック,0.0001320502451182675
意識,0.0001320502451182675
日本人,0.0001320502451182675
出せ,0.0001320502451182675
予選,0.0001320502451182675
ベンチ,0.00012752904997624225
】#,0.00012752904997624225
弾,0.00012752904997624225
誠,0.00012752904997624225
チラベルト,0.00012752904997624225
出来,0.00012752904997624225
jpn,0.00012752904997624225
南ア,0.00012752904997624225
説明,0.00012752904997624225
☺,0.00012752904997624225
中盤,0.00012752904997624225
その,0.00012752904997624225
れる,0.00012752904997624225
やばい,0.00012752904997624225
k,0.00012752904997624225
なれ,0.00012752904997624225
搾り,0.00012752904997624225
迷わ,0.00011816653324133292
連続,0.00011816653324133292
はじまっ,0.00011816653324133292
大,0.00011816653324133292
違っ,0.00011816653324133292
きっ,0.00011816653324133292
こ,0.00011816653324133292
驚き,0.00011816653324133292
国歌,0.00011816653324133292
🙏,0.00011816653324133292
ｗｗｗｗｗｗｗｗｗｗ,0.00011816653324133292
すげ,0.00011816653324133292
見れ,0.00011816653324133292
撤去,0.00011816653324133292
D,0.00011816653324133292
ぬ,0.00011816653324133292
姿勢,0.00011816653324133292
最初,0.00011816653324133292
a,0.00011816653324133292
∀,0.00011816653324133292
結局,0.00011816653324133292
まじ,0.00011816653324133292
川島,0.00011816653324133292
しまっ,0.00011816653324133292
ただ,0.00011816653324133292
ハード,0.00011816653324133292
ダメ,0.00011816653324133292
背負っ,0.00011816653324133292
関係,0.00011816653324133292
おさえ,0.00011816653324133292
テンション,0.00011816653324133292
セルジオ,0.00011816653324133292
貴重,0.00011816653324133292
なるほど,0.00011816653324133292
ちの,0.00011816653324133292
守っ,0.00011816653324133292
流れ,0.00011816653324133292
かつて,0.00011816653324133292
ヘタ,0.00011816653324133292
フェ,0.00011816653324133292
✨@,0.00011816653324133292
GetafeCF,0.00011816653324133292
位,0.00011816653324133292
持てる,0.00011816653324133292
フリー,0.00011816653324133292
2010,0.00011816653324133292
amp,0.00011816653324133292
喜び,0.00011816653324133292
歩,0.00011816653324133292
ベニテス,0.00011816653324133292
ゴメス,0.00011816653324133292
バルブエナ,0.00011816653324133292
アロン,0.00011816653324133292
カルドソ,0.00011816653324133292
サンチェス,0.00011816653324133292
ロメロ,0.00011816653324133292
怪我,0.00011816653324133292
忖度,0.00011816653324133292
奴,0.00011816653324133292
普段,0.00011816653324133292
引い,0.00011816653324133292
アピール,0.00011816653324133292
サイヤ,0.00011816653324133292
青い,0.00011816653324133292
着,0.00011816653324133292
NTV,0.00011816653324133292
28,0.00011816653324133292
勘違い,0.00011816653324133292
危うい,0.00011816653324133292
下手,0.00011816653324133292
効い,0.00011816653324133292
調子,0.00011816653324133292
正しい,0.00011816653324133292
合わせ,0.00011816653324133292
サポ,0.00011816653324133292
無理,0.00011816653324133292
若手,0.00011816653324133292
中田,0.00011816653324133292
＋,0.00011816653324133292
る,0.00011816653324133292
残念,0.00011816653324133292
シンプル,0.00011816653324133292
あん,0.00011816653324133292
厳しい,0.00011816653324133292
圭,0.00011816653324133292
イラン,0.00011816653324133292
サンタ,0.00011816653324133292
三,0.00011816653324133292
佐藤,0.00011816653324133292
美希,0.00011816653324133292
ホリプロ,0.00011816653324133292
祈願,0.00011816653324133292
SP,0.00011816653324133292
無事,0.00011816653324133292
ものすごい,0.00011816653324133292
くださっ,0.00011816653324133292
皆様,0.00011816653324133292
ござい,0.00011816653324133292
❤,0.00011816653324133292
✨,0.00011816653324133292
ペルー,0.00011816653324133292
eiLAgxReNe,0.00011816653324133292
なんだか,0.00011816653324133292
長,0.00011816653324133292
一言,0.00011816653324133292
アナウンサー,0.00011816653324133292
内,0.00011816653324133292
戻さ,0.00011816653324133292
H,0.00011816653324133292
とかいう,0.00011816653324133292
積極,0.00011816653324133292
列,0.00011816653324133292
ash,0.00011816653324133292
wwww,0.00011816653324133292
むしろ,0.00011816653324133292
付い,0.00011816653324133292
コンビネーション,0.00011816653324133292
すれ,0.00011816653324133292
ばっかり,0.00011816653324133292
Mct,0.00011816653324133292
付け,0.00011816653324133292
👏,0.00011816653324133292
中島,0.00011816653324133292
ゴールキーパー,0.00011816653324133292
大事,0.00011816653324133292
ＰＫ,0.00011816653324133292
県,0.00011816653324133292
こういう,0.00011816653324133292
→#,0.00011816653324133292
アギラル,0.00011816653324133292
合わ,0.00011816653324133292
レベル,0.00011554396447848406
やはり,0.00011554396447848406
よっ,0.00011554396447848406
ケイスケホンダ,0.00011554396447848406
62,0.00011554396447848406
かなり,0.00011554396447848406
☆,0.00011554396447848406
連携,0.00011554396447848406
✨#,0.00011554396447848406
として,0.00011554396447848406
べき,0.00011554396447848406
見れる,0.00011554396447848406
んで,0.00011554396447848406
バック,0.00011554396447848406
４,0.00011554396447848406
決定,0.00011554396447848406
宇佐美,0.00011554396447848406
早く,0.00011554396447848406
お供,0.00011554396447848406
スペース,0.00011554396447848406
言わ,0.00011554396447848406
ワンタッチ,0.00011179025010712215
せる,0.00011179025010712215
絶対,0.00011179025010712215
松木,0.00011179025010712215
🏆,0.00011179025010712215
】✔,0.00011179025010712215
🔄,0.00011179025010712215
リツイート,0.00011179025010712215
👕,0.00011179025010712215
当たる,0.00011179025010712215
締め切り,0.00011179025010712215
)。,0.00011179025010712215
DM,0.00011179025010712215
当選,0.00011179025010712215
連絡,0.00011179025010712215
応募,0.00011179025010712215
お待ち,0.00011179025010712215
ほど,0.00011179025010712215
;,0.00011179025010712215
あら,0.00011179025010712215
マジ,0.00011179025010712215
頑張っ,0.00011179025010712215
控え,0.00011179025010712215
戦術,0.00011179025010712215
本当に,0.00011179025010712215
話,0.00011179025010712215
他,0.00011179025010712215
❓,0.00011179025010712215
なきゃ,0.00011179025010712215
2017,0.00011179025010712215
😳,0.00011179025010712215
／#,0.00011179025010712215
つけ,0.00011179025010712215
あいつ,0.00011179025010712215
SB,0.00011179025010712215
しよ,0.00011179025010712215
陣,0.00011179025010712215
よー,0.00011179025010712215
ww,0.00011179025010712215
CF,0.00011179025010712215
センター,0.00011179025010712215
サムライ,0.00011179025010712215
ブルー,0.00011179025010712215
ポジション,0.00011179025010712215
＆,0.00011179025010712215
テレビ,0.00011179025010712215
いら,0.00011179025010712215
明らか,0.00011179025010712215
事,0.00011179025010712215
ああ,0.00011179025010712215
レギュラー,0.00011179025010712215
単純,0.00011179025010712215
次,0.00011179025010712215
ばかり,0.00011179025010712215
決勝,0.00011179025010712215
囲み,0.00011179025010712215
ポリバレント,0.00011179025010712215
せめて,0.00010627420831353522
決まっ,0.00010627420831353522
オリンピック,0.00010627420831353522
わけ,0.00010627420831353522
プレゼント,0.00010627420831353522
総,0.00010627420831353522
ｗｗｗｗｗｗ,0.00010627420831353522
完全,0.00010627420831353522
わから,0.00010627420831353522
taek,0.00010627420831353522
想像,0.00010627420831353522
圧巻,0.00010627420831353522
上,0.00010627420831353522
勝負,0.00010627420831353522
💪,0.00010627420831353522
出る,0.00010627420831353522
時期,0.00010627420831353522
居る,0.00010627420831353522
精度,0.00010627420831353522
がっ,0.00010627420831353522
ビジャル,0.00010627420831353522
ユニ,0.00010627420831353522
Kirin,0.00010627420831353522
缶,0.00010627420831353522
変える,0.00010627420831353522
セレッソ大阪,0.00010627420831353522
反応,0.00010627420831353522
いきなり,0.00010627420831353522
◆,0.00010627420831353522
並,9.903768383870063e-05
本当,9.903768383870063e-05
sosal,9.903768383870063e-05
必要,9.903768383870063e-05
FP,9.903768383870063e-05
lt,9.903768383870063e-05
低い,9.903768383870063e-05
悪い,9.903768383870063e-05
面白,9.903768383870063e-05
芝,9.903768383870063e-05
ちゃ,9.903768383870063e-05
犬,9.903768383870063e-05
使う,9.903768383870063e-05
ひとつ,9.903768383870063e-05
o,9.903768383870063e-05
中村,9.903768383870063e-05
就任,9.903768383870063e-05
...,9.903768383870063e-05
トーナメント,9.903768383870063e-05
ガーナ,9.903768383870063e-05
入る,9.903768383870063e-05
世界,8.501936665082817e-05
合う,8.501936665082817e-05
嬉しい,8.501936665082817e-05
会場,8.501936665082817e-05
サイズ,8.501936665082817e-05
ほぼ,8.501936665082817e-05
久しぶり,8.501936665082817e-05
（　◜◡◝　）,8.501936665082817e-05
相変わらず,8.501936665082817e-05
子供,8.501936665082817e-05
川崎,8.501936665082817e-05
対戦,8.501936665082817e-05
ミドル,8.501936665082817e-05
全く,8.501936665082817e-05
ワン,8.501936665082817e-05
メイク,8.501936665082817e-05
特に,8.501936665082817e-05
どんな,8.501936665082817e-05
個人,8.501936665082817e-05
速,8.501936665082817e-05
ドリブル,8.501936665082817e-05
楽しみ,8.501936665082817e-05
紹介,8.501936665082817e-05
機能,8.501936665082817e-05
遅,8.501936665082817e-05
ま,8.501936665082817e-05
相性,8.501936665082817e-05
経験,8.384268758034162e-05
隣,8.384268758034162e-05
キャプ,8.384268758034162e-05
ビッグ,8.384268758034162e-05
あわせ,8.384268758034162e-05
はず,8.384268758034162e-05
こんなに,8.384268758034162e-05
良き,8.384268758034162e-05
よし,8.384268758034162e-05
親愛,8.384268758034162e-05
クラスタ,8.384268758034162e-05
五輪,8.384268758034162e-05
内容,8.384268758034162e-05
す,8.384268758034162e-05
なし,8.384268758034162e-05
パ,8.384268758034162e-05
kick,8.384268758034162e-05
off,8.384268758034162e-05
daihy,8.384268758034162e-05
ひん,8.384268758034162e-05
ザキオカ,8.384268758034162e-05
西川,8.384268758034162e-05
💪🔥,8.384268758034162e-05
ゲッ,8.384268758034162e-05
ト,8.384268758034162e-05
ソ,8.384268758034162e-05
バレイロ,8.384268758034162e-05
作る,8.384268758034162e-05
仕掛け,8.384268758034162e-05
スルー,8.384268758034162e-05
周り,8.384268758034162e-05
アーセナル,8.384268758034162e-05
必死,8.384268758034162e-05
定評,8.384268758034162e-05
B,8.384268758034162e-05
行っ,8.384268758034162e-05
名,8.384268758034162e-05
即,8.384268758034162e-05
理事,8.384268758034162e-05
ビズリーチ,8.384268758034162e-05
料理,8.384268758034162e-05
落とし,8.384268758034162e-05
配信,8.384268758034162e-05
ダッシュ,8.384268758034162e-05
すん,8.384268758034162e-05
差,8.384268758034162e-05
もしかして,8.384268758034162e-05
翔,8.384268758034162e-05
ぉ,8.384268758034162e-05
風,8.384268758034162e-05
おさめろ,8.384268758034162e-05
ロメ,8.384268758034162e-05
プレイ,8.384268758034162e-05
おもしろい,8.384268758034162e-05
tk,8.384268758034162e-05
主将,8.384268758034162e-05
久保,8.384268758034162e-05
チリ,8.384268758034162e-05
わかっ,8.384268758034162e-05
逆境,8.384268758034162e-05
残し,8.384268758034162e-05
ドルトムント,8.384268758034162e-05
舞台,8.384268758034162e-05
よかっ,8.384268758034162e-05
思い出,8.384268758034162e-05
ｗｗｗｗ,8.384268758034162e-05
にとって,8.384268758034162e-05
すごい,8.384268758034162e-05
やれ,8.384268758034162e-05
清武,8.384268758034162e-05
若い,8.384268758034162e-05
勘,8.384268758034162e-05
走る,8.253140319891719e-05
具合,8.253140319891719e-05
遅い,8.253140319891719e-05
武史,8.253140319891719e-05
僚太,8.253140319891719e-05
クロスバー,8.253140319891719e-05
すぎる,8.253140319891719e-05
スーパーサイヤ,8.253140319891719e-05
流石,8.253140319891719e-05
結構,8.253140319891719e-05
南アフリカ,8.253140319891719e-05
過ぎ,8.253140319891719e-05
DdKBJ,8.253140319891719e-05
,7.877768882755528e-05
悪夢,7.877768882755528e-05
迷っ,7.877768882755528e-05
期,7.877768882755528e-05
無得点,7.877768882755528e-05
好,7.877768882755528e-05
ずら,7.877768882755528e-05
JPNPAR,7.877768882755528e-05
🎙,7.877768882755528e-05
槙野,7.877768882755528e-05
けっこう,7.877768882755528e-05
ip,7.877768882755528e-05
ぁ,7.877768882755528e-05
じっくり,7.877768882755528e-05
ほんとに,7.877768882755528e-05
かっこいい,7.877768882755528e-05
面,7.877768882755528e-05
若干,7.877768882755528e-05
高め,7.877768882755528e-05
まくり,7.877768882755528e-05
撹乱,7.877768882755528e-05
],7.877768882755528e-05
やら,7.877768882755528e-05
鈴木,7.877768882755528e-05
語る,7.877768882755528e-05
歴史,7.877768882755528e-05
コミュニケーション,7.877768882755528e-05
自身,7.877768882755528e-05
本来,7.877768882755528e-05
ktzw,7.877768882755528e-05
`),7.877768882755528e-05
くそ,7.877768882755528e-05
(;´,7.877768882755528e-05
︎︎,7.877768882755528e-05
初めて,7.877768882755528e-05
多め,7.877768882755528e-05
女子,7.877768882755528e-05
)⏰,7.877768882755528e-05
🆚,7.877768882755528e-05
ｪ,7.877768882755528e-05
こんなにも,7.877768882755528e-05
戸田,7.877768882755528e-05
ワーク,7.877768882755528e-05
迷走,7.877768882755528e-05
読み,7.877768882755528e-05
💦,7.877768882755528e-05
上手,7.877768882755528e-05
現実,7.877768882755528e-05
セレサポ,7.877768882755528e-05
歓喜,7.877768882755528e-05
間に合っ,7.877768882755528e-05
ってな,7.877768882755528e-05
越後,7.877768882755528e-05
スムーズ,7.877768882755528e-05
見応え,7.877768882755528e-05
さて,7.877768882755528e-05
オーバー,7.877768882755528e-05
ゴリ,7.877768882755528e-05
残す,7.877768882755528e-05
ジョーカー,7.877768882755528e-05
なれる,7.877768882755528e-05
試さ,7.877768882755528e-05
がん,7.877768882755528e-05
観客,7.877768882755528e-05
切り替え,7.877768882755528e-05
Japan,7.877768882755528e-05
mainichi,7.877768882755528e-05
リアルタイム,7.877768882755528e-05
",",7.877768882755528e-05
並ん,7.877768882755528e-05
|,7.877768882755528e-05
）#,7.877768882755528e-05
秋田,7.877768882755528e-05
納得,7.877768882755528e-05
ウィング,7.877768882755528e-05
ゴリラ,7.877768882755528e-05
映っ,7.877768882755528e-05
おもしろ,7.877768882755528e-05
落ち,7.877768882755528e-05
supportal,7.877768882755528e-05
面白かっ,7.877768882755528e-05
分から,7.877768882755528e-05
自信,7.877768882755528e-05
見どころ,7.877768882755528e-05
ビルドアップ,7.877768882755528e-05
ボコボコ,7.877768882755528e-05
他国,7.877768882755528e-05
選ば,7.877768882755528e-05
あたり,7.877768882755528e-05
ファウル,7.877768882755528e-05
並べ,7.877768882755528e-05
グッド,7.877768882755528e-05
いろいろ,7.877768882755528e-05
求める,7.877768882755528e-05
かい,7.877768882755528e-05
機,7.877768882755528e-05
森本,7.877768882755528e-05
推薦,7.877768882755528e-05
あぁ,7.877768882755528e-05
動け,7.877768882755528e-05
bmtps,7.877768882755528e-05
qmnHaCWzsb,7.877768882755528e-05
進出,7.877768882755528e-05
一緒,7.877768882755528e-05
大きい,7.877768882755528e-05
踏み出し,7.877768882755528e-05
熱く,7.877768882755528e-05
!!!!#,7.877768882755528e-05
コメント,7.877768882755528e-05
連動,7.877768882755528e-05
げ,7.877768882755528e-05
定着,7.877768882755528e-05
治り,7.877768882755528e-05
😧😧😧,7.877768882755528e-05
✨✨,7.877768882755528e-05
ヘアー,7.877768882755528e-05
途中,7.877768882755528e-05
🏻,7.877768882755528e-05
ガンバ,7.877768882755528e-05
戦略,7.877768882755528e-05
蹴っ,7.877768882755528e-05
松井,7.877768882755528e-05
本人,7.877768882755528e-05
オフザボール,7.877768882755528e-05
センス,7.877768882755528e-05
応じ,7.877768882755528e-05
うまく,7.877768882755528e-05
全部,7.877768882755528e-05
合っ,7.877768882755528e-05
てか,7.877768882755528e-05
llFl,7.877768882755528e-05
無知,7.877768882755528e-05
怖い,7.877768882755528e-05
盛り上がり,7.877768882755528e-05
放映,7.877768882755528e-05
権,7.877768882755528e-05
朗,7.877768882755528e-05
trsgp,7.877768882755528e-05
によって,7.877768882755528e-05
`*)#,7.877768882755528e-05
頼む,7.877768882755528e-05
望め,7.877768882755528e-05
YqQy,7.877768882755528e-05
udO,7.877768882755528e-05
高く,7.877768882755528e-05
塾,7.877768882755528e-05
驚く,7.877768882755528e-05
攻める,7.877768882755528e-05
方法,7.877768882755528e-05
もつ,7.877768882755528e-05
続く,7.877768882755528e-05
当てる,7.877768882755528e-05
ヒガシ,7.877768882755528e-05
色,7.877768882755528e-05
Kagawa,7.877768882755528e-05
きれい,7.877768882755528e-05
Lt,7.877768882755528e-05
EEtc,7.877768882755528e-05
凄い,7.877768882755528e-05
のみ,7.877768882755528e-05
継続,7.877768882755528e-05
keWmztfsv,7.877768882755528e-05
画像,7.877768882755528e-05
うまい,7.877768882755528e-05
主体,7.877768882755528e-05
v,7.877768882755528e-05
英寿,7.877768882755528e-05
訳,7.877768882755528e-05
レ,7.877768882755528e-05
並み,7.877768882755528e-05
フィジカル,7.877768882755528e-05
最も,7.877768882755528e-05
なに,7.877768882755528e-05
理想,7.877768882755528e-05
佑,7.877768882755528e-05
見よ,7.877768882755528e-05
athlete,7.877768882755528e-05
recipe,7.877768882755528e-05
各組,7.877768882755528e-05
ポルトガル,7.877768882755528e-05
つっ,7.877768882755528e-05
たぶん,7.877768882755528e-05
合わせる,7.877768882755528e-05
変わら,7.877768882755528e-05
イヤ,7.877768882755528e-05
Ｃ,7.877768882755528e-05
ウイイレ,7.877768882755528e-05
消える,7.877768882755528e-05
ケガ,7.877768882755528e-05
バディ,7.877768882755528e-05
ファイト,7.877768882755528e-05
東京,7.877768882755528e-05
外れる,7.877768882755528e-05
!!!#,7.877768882755528e-05
代え,7.877768882755528e-05
経っ,7.877768882755528e-05
ランキング,7.877768882755528e-05
飾り,7.877768882755528e-05
あえて,7.877768882755528e-05
巨人,7.877768882755528e-05
毎日,7.877768882755528e-05
セレソン,7.877768882755528e-05
ホント,7.877768882755528e-05
３,7.877768882755528e-05
双子,7.877768882755528e-05
120,7.877768882755528e-05
同士,7.877768882755528e-05
ピリス,7.877768882755528e-05
うん,7.877768882755528e-05
ポスト,7.877768882755528e-05
役,7.877768882755528e-05
ぶり,7.877768882755528e-05
リベンジ,7.877768882755528e-05
キープ,7.877768882755528e-05
聞く,7.877768882755528e-05
確か,7.877768882755528e-05
抜け出し,7.877768882755528e-05
守り,7.877768882755528e-05
ヤット,7.877768882755528e-05
p,7.877768882755528e-05
Inuja,7.877768882755528e-05
Bob,7.877768882755528e-05
Tanks,7.877768882755528e-05
アイドル,7.877768882755528e-05
正式,7.877768882755528e-05
接触,7.877768882755528e-05
素人,7.877768882755528e-05
溶け込ん,7.877768882755528e-05
moyoko,7.877768882755528e-05
sasaki,7.877768882755528e-05
おもしろかっ,7.877768882755528e-05
😂💕,7.877768882755528e-05
すね,7.877768882755528e-05
遠征,7.877768882755528e-05
アリ,7.877768882755528e-05
伝える,7.877768882755528e-05
強調,7.877768882755528e-05
あくまで,7.877768882755528e-05
向く,7.877768882755528e-05
ハーフ,7.877768882755528e-05
これから,7.877768882755528e-05
わたる,7.877768882755528e-05
パスミス,7.877768882755528e-05
51,7.877768882755528e-05
zonewebofficial,7.877768882755528e-05
⏬,7.877768882755528e-05
詳しく,7.877768882755528e-05
ミス,7.877768882755528e-05
正解,7.877768882755528e-05
ホットライン,7.877768882755528e-05
話す,7.877768882755528e-05
運び,7.877768882755528e-05
マシ,7.877768882755528e-05
oOM,7.877768882755528e-05
oML,7.877768882755528e-05
大阪,7.877768882755528e-05
cerezo,7.877768882755528e-05
脅威,7.877768882755528e-05
いくら,7.877768882755528e-05
本気,7.877768882755528e-05
もらわ,7.877768882755528e-05
GD,7.877768882755528e-05
駄目,7.877768882755528e-05
やけくそ,7.877768882755528e-05
気分,7.877768882755528e-05
ぇ,7.877768882755528e-05
盛り上がっ,7.877768882755528e-05
やつ,7.877768882755528e-05
nJv,7.877768882755528e-05
PCVIuh,7.877768882755528e-05
いか,7.877768882755528e-05
(〃^∇^),7.877768882755528e-05
bb,7.877768882755528e-05
tDkRUIK,7.877768882755528e-05
安心,7.877768882755528e-05
勢,7.877768882755528e-05
生き生き,7.877768882755528e-05
さらに,7.877768882755528e-05
ガンガン,7.877768882755528e-05
TL,7.877768882755528e-05
ほのぼの,7.877768882755528e-05
“,7.877768882755528e-05
規模,7.877768882755528e-05
専用,7.877768882755528e-05
各,7.877768882755528e-05
mkdfGQIG,7.877768882755528e-05
気味,7.877768882755528e-05
2015,7.877768882755528e-05
不思議,7.877768882755528e-05
ドラゴン,7.877768882755528e-05
招待,7.877768882755528e-05
外さ,7.877768882755528e-05
駒,7.877768882755528e-05
もう少し,7.877768882755528e-05
遅れ,7.877768882755528e-05
浅野,7.877768882755528e-05
吉田,7.877768882755528e-05
もうちょい,7.877768882755528e-05
上がり,7.877768882755528e-05
ショート,7.877768882755528e-05
日の入り,7.877768882755528e-05
いなよ,7.877768882755528e-05
いう,7.877768882755528e-05
出し手,7.877768882755528e-05
ゅ,7.877768882755528e-05
加速,7.877768882755528e-05
に対して,7.877768882755528e-05
よっぽど,7.877768882755528e-05
😭,7.877768882755528e-05
こう,7.877768882755528e-05
活動,7.877768882755528e-05
インターナショナル,7.877768882755528e-05
ドリーム,7.877768882755528e-05
カップ,7.877768882755528e-05
by,7.877768882755528e-05
朝日新聞,7.877768882755528e-05
ッッ,7.877768882755528e-05
G,7.877768882755528e-05
余裕,7.877768882755528e-05
🌍,6.602512255913375e-05
👍,6.602512255913375e-05
立っ,6.602512255913375e-05
sokuho,6.602512255913375e-05
動い,6.602512255913375e-05
😅,6.602512255913375e-05
そろそろ,6.602512255913375e-05
😊,6.602512255913375e-05
てん,6.602512255913375e-05
状況,6.602512255913375e-05
位置,6.602512255913375e-05
とこ,6.602512255913375e-05
自分,6.602512255913375e-05
低,6.602512255913375e-05
l,6.602512255913375e-05
キレ,6.602512255913375e-05
時代,6.602512255913375e-05
躍動,6.602512255913375e-05
帰っ,6.602512255913375e-05
覚える,6.602512255913375e-05
枠,6.602512255913375e-05
雰囲気,6.602512255913375e-05
いけ,6.602512255913375e-05
逆,6.602512255913375e-05
強く,6.602512255913375e-05
🙌,6.376452498812113e-05
ｗｗｗｗｗｗｗｗｗｗｗｗｗｗｗｗ,6.376452498812113e-05
あげ,6.376452498812113e-05
まずは,6.376452498812113e-05
(*´,6.376452498812113e-05
両,6.376452498812113e-05
仕事,6.376452498812113e-05
だから,6.376452498812113e-05
多分,6.376452498812113e-05
替え,6.376452498812113e-05
！】⚽,6.376452498812113e-05
ℹ,6.376452498812113e-05
ディフェンス,6.376452498812113e-05
ち,6.376452498812113e-05
５,6.376452498812113e-05
ねえ,6.376452498812113e-05
知ら,6.376452498812113e-05
ム・ト・ウ,6.376452498812113e-05
BS,6.376452498812113e-05
とっ,6.376452498812113e-05
下り,6.376452498812113e-05
オーストリア,6.376452498812113e-05
視野,6.376452498812113e-05
クルス,6.376452498812113e-05
y,6.376452498812113e-05
ハリルホジッチ,6.376452498812113e-05
長い,6.376452498812113e-05
哉,6.376452498812113e-05
しれ,6.376452498812113e-05
イライラ,6.376452498812113e-05
そもそも,6.376452498812113e-05
46,6.376452498812113e-05
イイ,6.376452498812113e-05
モチベーション,6.376452498812113e-05
：#,6.376452498812113e-05
受け,6.376452498812113e-05
活きる,5.589512505356107e-05
なんだかんだ,5.589512505356107e-05
ibkN,5.589512505356107e-05
朗報,5.589512505356107e-05
カメラ,5.589512505356107e-05
望み,5.589512505356107e-05
聞こえる,5.589512505356107e-05
おっ,5.589512505356107e-05
ｗｗｗｗｗｗｗｗ,5.589512505356107e-05
どー,5.589512505356107e-05
圧倒的,5.589512505356107e-05
不安,5.589512505356107e-05
音声,5.589512505356107e-05
ばれ,5.589512505356107e-05
与え,5.589512505356107e-05
止め,5.589512505356107e-05
せっかく,5.589512505356107e-05
正直,5.589512505356107e-05
ニッポン,5.589512505356107e-05
並び,5.589512505356107e-05
気合,5.589512505356107e-05
文句,5.589512505356107e-05
キック,5.589512505356107e-05
もし,5.589512505356107e-05
タグ,5.589512505356107e-05
間違え,5.589512505356107e-05
何より,5.589512505356107e-05
フォメ,5.589512505356107e-05
迄,5.589512505356107e-05
ウルグアイ,5.589512505356107e-05
頑張ろ,5.589512505356107e-05
通り,5.589512505356107e-05
😆,5.589512505356107e-05
✌,5.589512505356107e-05
(^,5.589512505356107e-05
某,5.589512505356107e-05
どうせ,5.589512505356107e-05
イタリア,5.589512505356107e-05
なぜ,5.589512505356107e-05
くれれ,5.589512505356107e-05
クソ,5.589512505356107e-05
選ん,5.589512505356107e-05
通し,5.589512505356107e-05
ガンバ大阪,5.589512505356107e-05
GAMBAOSAKA,5.589512505356107e-05
若,5.589512505356107e-05
シャドー,5.589512505356107e-05
組ま,5.589512505356107e-05
技術,5.589512505356107e-05
蹴り,5.589512505356107e-05
ガマーラ,5.589512505356107e-05
タテ,5.589512505356107e-05
終わっ,5.589512505356107e-05
japanway,5.589512505356107e-05
ちゃちゃ,5.589512505356107e-05
めちゃめちゃ,5.589512505356107e-05
序盤,5.589512505356107e-05
nadeshiko,5.589512505356107e-05
h,5.589512505356107e-05
について,5.589512505356107e-05
通っ,5.589512505356107e-05
matsuki,5.589512505356107e-05
tvasahi,5.589512505356107e-05
絶妙,5.589512505356107e-05
割,5.589512505356107e-05
上げ,5.589512505356107e-05
出番,5.589512505356107e-05
草,5.589512505356107e-05
違い,5.589512505356107e-05
ネタ,5.589512505356107e-05
向かっ,5.589512505356107e-05
えぐる,5.589512505356107e-05
触れ,5.589512505356107e-05
難しい,5.589512505356107e-05
伝統,5.589512505356107e-05
後半,5.589512505356107e-05
えっ,5.589512505356107e-05
田嶋,5.589512505356107e-05
トレーニング,5.589512505356107e-05
速く,5.589512505356107e-05
japan,5.589512505356107e-05
足っ,5.589512505356107e-05
リズム,5.589512505356107e-05
認定,5.589512505356107e-05
麻,5.589512505356107e-05
髪,5.589512505356107e-05
大丈夫,4.951884191935031e-05
け,4.951884191935031e-05
得,4.951884191935031e-05
久々,4.951884191935031e-05
腹,4.951884191935031e-05
ちゃんと,4.951884191935031e-05
なんとなく,4.951884191935031e-05
ゴー,4.951884191935031e-05
データ,4.951884191935031e-05
表,4.951884191935031e-05
いや,4.951884191935031e-05
スタート,4.951884191935031e-05
どれ,4.951884191935031e-05
行く,4.951884191935031e-05
カルチョ,4.951884191935031e-05
失点,4.951884191935031e-05
時点,4.951884191935031e-05
😆🔥,4.951884191935031e-05
繋がり,4.951884191935031e-05
最高,4.951884191935031e-05
オルティス,4.951884191935031e-05
サンタンデール,4.951884191935031e-05
92,4.951884191935031e-05
まずまず,4.951884191935031e-05
健治,4.951884191935031e-05
ったらしく,4.951884191935031e-05
水,4.951884191935031e-05
ロ,4.951884191935031e-05
兄弟,4.951884191935031e-05
負ける,4.2509683325414084e-05
未来,4.2509683325414084e-05
ホンダ,4.2509683325414084e-05
浦和,4.2509683325414084e-05
かな,4.2509683325414084e-05
さすが,4.2509683325414084e-05
ガン,4.2509683325414084e-05
バレ,4.2509683325414084e-05
ストレス,4.2509683325414084e-05
シャツ,4.2509683325414084e-05
鹿,4.2509683325414084e-05
｣,4.2509683325414084e-05
懐かしい,4.2509683325414084e-05
勝た,4.2509683325414084e-05
場所,4.2509683325414084e-05
ペース,4.2509683325414084e-05
インタビュー,4.2509683325414084e-05
どうにか,4.2509683325414084e-05
落ち着い,4.2509683325414084e-05
通す,4.2509683325414084e-05
誰か,4.2509683325414084e-05
役に立て,4.2509683325414084e-05
OwsZ,4.2509683325414084e-05
DEGGT,4.2509683325414084e-05
大嫌い,4.2509683325414084e-05
バリバリ,4.2509683325414084e-05
存在,4.2509683325414084e-05
匂い,4.2509683325414084e-05
すか,4.2509683325414084e-05
やす,4.2509683325414084e-05
60,4.2509683325414084e-05
入れる,4.2509683325414084e-05
湧き,4.2509683325414084e-05
スタイル,4.2509683325414084e-05
場合,4.2509683325414084e-05
ハイ,4.2509683325414084e-05
断然,4.2509683325414084e-05
思え,4.2509683325414084e-05
呼ん,4.2509683325414084e-05
)＜,4.2509683325414084e-05
勝てる,4.2509683325414084e-05
モン,4.2509683325414084e-05
考え,4.2509683325414084e-05
あるいは,4.2509683325414084e-05
多く,4.2509683325414084e-05
人数,3.938884441377764e-05
対抗,3.938884441377764e-05
PzNNL,3.938884441377764e-05
gGg,3.938884441377764e-05
ツートップ,3.938884441377764e-05
絶望,3.938884441377764e-05
投げ,3.938884441377764e-05
いこ,3.938884441377764e-05
スキージャンプファン,3.938884441377764e-05
おなじみ,3.938884441377764e-05
RGPgZsSL,3.938884441377764e-05
はじまる,3.938884441377764e-05
おくれよ,3.938884441377764e-05
偽名,3.938884441377764e-05
さっ,3.938884441377764e-05
😧,3.938884441377764e-05
JPNvPAR,3.938884441377764e-05
🇯🇵🆚🇵🇾,3.938884441377764e-05
(｀,3.938884441377764e-05
´),3.938884441377764e-05
‐,3.938884441377764e-05
ｵｰﾆｨｯﾎﾟｰｰｰ,3.938884441377764e-05
たった,3.938884441377764e-05
入れ換え,3.938884441377764e-05
動揺,3.938884441377764e-05
負担,3.938884441377764e-05
でかす,3.938884441377764e-05
ぎじゃね,3.938884441377764e-05
かわっ,3.938884441377764e-05
ふ,3.938884441377764e-05
vqYdhc,3.938884441377764e-05
gHg,3.938884441377764e-05
毎回,3.938884441377764e-05
ねっ,3.938884441377764e-05
f,3.938884441377764e-05
movieslife,3.938884441377764e-05
戦い,3.938884441377764e-05
ワロ,3.938884441377764e-05
78,3.938884441377764e-05
37,3.938884441377764e-05
NF,3.938884441377764e-05
しばらく,3.938884441377764e-05
とっか,3.938884441377764e-05
CM,3.938884441377764e-05
一応,3.938884441377764e-05
視,3.938884441377764e-05
AUOZuWv,3.938884441377764e-05
gs,3.938884441377764e-05
ハジマタ,3.938884441377764e-05
見つけ,3.938884441377764e-05
urawareds,3.938884441377764e-05
戦力,3.938884441377764e-05
頓珍漢,3.938884441377764e-05
Ttj,3.938884441377764e-05
UR,3.938884441377764e-05
EybppgNilo,3.938884441377764e-05
微か,3.938884441377764e-05
次第,3.938884441377764e-05
がんばっ,3.938884441377764e-05
ブタ,3.938884441377764e-05
tRKCbegaeX,3.938884441377764e-05
ｷｯｺﾌ,3.938884441377764e-05
ｗｗｗｗｗｗｗ,3.938884441377764e-05
斉唱,3.938884441377764e-05
向かう,3.938884441377764e-05
待っ,3.938884441377764e-05
ほ,3.938884441377764e-05
嘘,3.938884441377764e-05
ムセ,3.938884441377764e-05
ぇよ,3.938884441377764e-05
😂💗,3.938884441377764e-05
svNPKTFd,3.938884441377764e-05
ながら,3.938884441377764e-05
研究,3.938884441377764e-05
すっ,3.938884441377764e-05
︎,3.938884441377764e-05
gambatte,3.938884441377764e-05
moetsukite,3.938884441377764e-05
!#,3.938884441377764e-05
wuUq,3.938884441377764e-05
チボリシュタディオン,3.938884441377764e-05
footballista,3.938884441377764e-05
jp,3.938884441377764e-05
隆行,3.938884441377764e-05
重み,3.938884441377764e-05
rNxTivph,3.938884441377764e-05
――,3.938884441377764e-05
実は,3.938884441377764e-05
当日,3.938884441377764e-05
一睡,3.938884441377764e-05
韓,3.938884441377764e-05
ベルギー,3.938884441377764e-05
扉,3.938884441377764e-05
開く,3.938884441377764e-05
はじ,3.938884441377764e-05
木曜,3.938884441377764e-05
おもろい,3.938884441377764e-05
入れ替える,3.938884441377764e-05
ヽ,3.938884441377764e-05
(　,3.938884441377764e-05
ﾉ,3.938884441377764e-05
確認,3.938884441377764e-05
あんま,3.938884441377764e-05
取れ,3.938884441377764e-05
成り下がっ,3.938884441377764e-05
一般,3.938884441377764e-05
ファン,3.938884441377764e-05
総スカン,3.938884441377764e-05
食らっ,3.938884441377764e-05
反省,3.938884441377764e-05
バコバコ,3.938884441377764e-05
打つ,3.938884441377764e-05
可愛い,3.938884441377764e-05
､､､(,3.938884441377764e-05
*´,3.938884441377764e-05
艸,3.938884441377764e-05
ペケ,3.938884441377764e-05
ルマン,3.938884441377764e-05
替える,3.938884441377764e-05
Д,3.938884441377764e-05
`*),3.938884441377764e-05
!!#,3.938884441377764e-05
どうして,3.938884441377764e-05
エリア,3.938884441377764e-05
当たっ,3.938884441377764e-05
惜しい,3.938884441377764e-05
無双,3.938884441377764e-05
田中,3.938884441377764e-05
一昨年,3.938884441377764e-05
リオ,3.938884441377764e-05
にくい,3.938884441377764e-05
噛み合わ,3.938884441377764e-05
そのまま,3.938884441377764e-05
マスコミ,3.938884441377764e-05
絡み,3.938884441377764e-05
に関して,3.938884441377764e-05
直視,3.938884441377764e-05
Liamoz,3.938884441377764e-05
トク,3.938884441377764e-05
ひろき,3.938884441377764e-05
RCkrHUAu,3.938884441377764e-05
改めて,3.938884441377764e-05
残せる,3.938884441377764e-05
👀💥,3.938884441377764e-05
👉,3.938884441377764e-05
hsqt,3.938884441377764e-05
tYWpL,3.938884441377764e-05
.…,3.938884441377764e-05
はや,3.938884441377764e-05
ro,3.938884441377764e-05
ガバガバ,3.938884441377764e-05
かわいい,3.938884441377764e-05
OGqybamECR,3.938884441377764e-05
流さ,3.938884441377764e-05
揚がら,3.938884441377764e-05
jeg,3.938884441377764e-05
iSpyrM,3.938884441377764e-05
rjj,3.938884441377764e-05
gMl,3.938884441377764e-05
是非,3.938884441377764e-05
さぁ,3.938884441377764e-05
タイム,3.938884441377764e-05
始まり,3.938884441377764e-05
哀しい,3.938884441377764e-05
😢,3.938884441377764e-05
スーパーサイヤナガトモン,3.938884441377764e-05
ターン,3.938884441377764e-05
天皇杯,3.938884441377764e-05
横,3.938884441377764e-05
遠ざかっ,3.938884441377764e-05
先ず,3.938884441377764e-05
有り得,3.938884441377764e-05
(^^)#,3.938884441377764e-05
＼(^,3.938884441377764e-05
お昼,3.938884441377764e-05
欲しかっ,3.938884441377764e-05
sinmannet,3.938884441377764e-05
目指す,3.938884441377764e-05
答え,3.938884441377764e-05
SAMURAIBLU,3.938884441377764e-05
iDmxtkZ,3.938884441377764e-05
jX,3.938884441377764e-05
XuJkQG,3.938884441377764e-05
677,3.938884441377764e-05
アディダスジャパン,3.938884441377764e-05
キリン,3.938884441377764e-05
常に,3.938884441377764e-05
mqn,3.938884441377764e-05
貪欲,3.938884441377764e-05
ひとり,3.938884441377764e-05
Vamos,3.938884441377764e-05
👏🇯🇵,3.938884441377764e-05
どきどき,3.938884441377764e-05
KSsEhLyqbj,3.938884441377764e-05
⁇#,3.938884441377764e-05
はじめ,3.938884441377764e-05
Yahoo,3.938884441377764e-05
ニュース,3.938884441377764e-05
pxrRyIduM,3.938884441377764e-05
YahooNewsTopics,3.938884441377764e-05
ボロ,3.938884441377764e-05
坊主,3.938884441377764e-05
！！！！！！！！,3.938884441377764e-05
貴方,3.938884441377764e-05
信頼,3.938884441377764e-05
ぇん,3.938884441377764e-05
！！！！！！（,3.938884441377764e-05
101,3.938884441377764e-05
トライ,3.938884441377764e-05
白,3.938884441377764e-05
しのん,3.938884441377764e-05
懐かしく,3.938884441377764e-05
素敵,3.938884441377764e-05
？(,3.938884441377764e-05
切り込める,3.938884441377764e-05
(￣∀￣),3.938884441377764e-05
野郎,3.938884441377764e-05
地元,3.938884441377764e-05
在住,3.938884441377764e-05
サンキュー,3.938884441377764e-05
槇,3.938884441377764e-05
野,3.938884441377764e-05
による,3.938884441377764e-05
ヤバ,3.938884441377764e-05
甲高い,3.938884441377764e-05
かしら,3.938884441377764e-05
～♪『,3.938884441377764e-05
鉄壁,3.938884441377764e-05
魅せ,3.938884441377764e-05
族,3.938884441377764e-05
どういう,3.938884441377764e-05
上がら,3.938884441377764e-05
aF,3.938884441377764e-05
sLu,3.938884441377764e-05
HLA,3.938884441377764e-05
闘う,3.938884441377764e-05
!!　#,3.938884441377764e-05
cLM,3.938884441377764e-05
VL,3.938884441377764e-05
mQ,3.938884441377764e-05
ゴーゴー,3.938884441377764e-05
dYh,3.938884441377764e-05
dDj,3.938884441377764e-05
川口,3.938884441377764e-05
GZWqv,3.938884441377764e-05
Xtps,3.938884441377764e-05
試そ,3.938884441377764e-05
まるで,3.938884441377764e-05
連中,3.938884441377764e-05
にやけ,3.938884441377764e-05
ガ,3.938884441377764e-05
fi,3.938884441377764e-05
表情,3.938884441377764e-05
うかがえ,3.938884441377764e-05
」＃,3.938884441377764e-05
pwkpltnDl,3.938884441377764e-05
ダラダラ,3.938884441377764e-05
あんな,3.938884441377764e-05
アシスト,3.938884441377764e-05
見せつけ,3.938884441377764e-05
😢😢,3.938884441377764e-05
任せる,3.938884441377764e-05
ペア,3.938884441377764e-05
😀,3.938884441377764e-05
～～),3.938884441377764e-05
🙄,3.938884441377764e-05
iwamotadashi,3.938884441377764e-05
すでに,3.938884441377764e-05
レゴランド,3.938884441377764e-05
観る,3.938884441377764e-05
罪,3.938884441377764e-05
頂き,3.938884441377764e-05
思わ,3.938884441377764e-05
もらえる,3.938884441377764e-05
使える,3.938884441377764e-05
わか,3.938884441377764e-05
擁護,3.938884441377764e-05
っぷり,3.938884441377764e-05
酷い,3.938884441377764e-05
鬼気,3.938884441377764e-05
迫る,3.938884441377764e-05
背中,3.938884441377764e-05
明日,3.938884441377764e-05
誕生,3.938884441377764e-05
｢,3.938884441377764e-05
心中,3.938884441377764e-05
ガク,3.938884441377764e-05
うる,3.938884441377764e-05
オー,3.938884441377764e-05
カザ,3.938884441377764e-05
短期,3.938884441377764e-05
確変,3.938884441377764e-05
起こす,3.938884441377764e-05
祈る,3.938884441377764e-05
滅多,3.938884441377764e-05
オプション,3.938884441377764e-05
飢え,3.938884441377764e-05
平等,3.938884441377764e-05
ハリルサッカー,3.938884441377764e-05
理解,3.938884441377764e-05
みよ,3.938884441377764e-05
桜井,3.938884441377764e-05
和寿,3.938884441377764e-05
KREVA,3.938884441377764e-05
アルベルト,3.938884441377764e-05
城間,3.938884441377764e-05
川平,3.938884441377764e-05
慈英,3.938884441377764e-05
安太郎,3.938884441377764e-05
愛する,3.938884441377764e-05
ミュージシャン,3.938884441377764e-05
俳優,3.938884441377764e-05
うた,3.938884441377764e-05
歌お,3.938884441377764e-05
朝,3.938884441377764e-05
考える,3.938884441377764e-05
カード,3.938884441377764e-05
分かる,3.938884441377764e-05
屋台骨,3.938884441377764e-05
すら,3.938884441377764e-05
CIwqfsLWm,3.938884441377764e-05
matakiti,3.938884441377764e-05
zKzb,3.938884441377764e-05
WcZaH,3.938884441377764e-05
永井,3.938884441377764e-05
fifa,3.938884441377764e-05
スポンサー,3.938884441377764e-05
助かり,3.938884441377764e-05
臭い,3.938884441377764e-05
ダイナミック,3.938884441377764e-05
ラン,3.938884441377764e-05
落ち着く,3.938884441377764e-05
点取り,3.938884441377764e-05
値,3.938884441377764e-05
関心,3.938884441377764e-05
共通,3.938884441377764e-05
再現,3.938884441377764e-05
GL,3.938884441377764e-05
eqgzuvrxyd,3.938884441377764e-05
ネガ,3.938884441377764e-05
忘れる,3.938884441377764e-05
痴呆,3.938884441377764e-05
症,3.938884441377764e-05
信じ,3.938884441377764e-05
持ち味,3.938884441377764e-05
偏見,3.938884441377764e-05
グランド,3.938884441377764e-05
ボロく,3.938884441377764e-05
走ら,3.938884441377764e-05
変えろ,3.938884441377764e-05
スコア,3.938884441377764e-05
信用,3.938884441377764e-05
)　　　　　,3.938884441377764e-05
-…,3.938884441377764e-05
DcyGaTPL,3.938884441377764e-05
流動的,3.938884441377764e-05
👏🏻👏🏻👏🏻,3.938884441377764e-05
いずれ,3.938884441377764e-05
GqqgzjUeil,3.938884441377764e-05
スピーディー,3.938884441377764e-05
08,3.938884441377764e-05
辺り,3.938884441377764e-05
にし,3.938884441377764e-05
タイプ,3.938884441377764e-05
避け,3.938884441377764e-05
発揮,3.938884441377764e-05
^)/,3.938884441377764e-05
だす,3.938884441377764e-05
テレビ局,3.938884441377764e-05
作戦,3.938884441377764e-05
発言,3.938884441377764e-05
ｹﾞﾌﾝｹﾞﾌﾝ,3.938884441377764e-05
FK,3.938884441377764e-05
フルボッコ,3.938884441377764e-05
目覚,3.938884441377764e-05
曰く,3.938884441377764e-05
戦える,3.938884441377764e-05
眠い,3.938884441377764e-05
ねん,3.938884441377764e-05
褒め,3.938884441377764e-05
大人,3.938884441377764e-05
働い,3.938884441377764e-05
後方,3.938884441377764e-05
カタチ,3.938884441377764e-05
多用,3.938884441377764e-05
個々,3.938884441377764e-05
能力,3.938884441377764e-05
上がる,3.938884441377764e-05
変わり,3.938884441377764e-05
QFsaqfKIOc,3.938884441377764e-05
HulPIQW,3.938884441377764e-05
fc,3.938884441377764e-05
ただいま,3.938884441377764e-05
仮に,3.938884441377764e-05
△,3.938884441377764e-05
(^_^;)　#,3.938884441377764e-05
流れる,3.938884441377764e-05
方向,3.938884441377764e-05
刺さっ,3.938884441377764e-05
相まって,3.938884441377764e-05
sugwi,3.938884441377764e-05
clover,3.938884441377764e-05
N,3.938884441377764e-05
ツアー,3.938884441377764e-05
即席,3.938884441377764e-05
興味,3.938884441377764e-05
！　#,3.938884441377764e-05
競り,3.938884441377764e-05
あえる,3.938884441377764e-05
❗#,3.938884441377764e-05
Du,3.938884441377764e-05
ZbYjN,3.938884441377764e-05
ばく,3.938884441377764e-05
充分,3.938884441377764e-05
土曜,3.938884441377764e-05
噓,3.938884441377764e-05
ポンポン,3.938884441377764e-05
amecyan,3.938884441377764e-05
__,3.938884441377764e-05
Chu,3.938884441377764e-05
eri,3.938884441377764e-05
avex,3.938884441377764e-05
da,3.938884441377764e-05
。」#,3.938884441377764e-05
さりげ,3.938884441377764e-05
ブリオベッカ,3.938884441377764e-05
浦安,3.938884441377764e-05
役職,3.938884441377764e-05
きれ,3.938884441377764e-05
いっしょ,3.938884441377764e-05
ノー,3.938884441377764e-05
プラン,3.938884441377764e-05
暑い,3.938884441377764e-05
ちなみに,3.938884441377764e-05
1976,3.938884441377764e-05
冬季,3.938884441377764e-05
団,3.938884441377764e-05
oMf,3.938884441377764e-05
Yhr,3.938884441377764e-05
つもり,3.938884441377764e-05
現,3.938884441377764e-05
なにか,3.938884441377764e-05
重大,3.938884441377764e-05
箱,3.938884441377764e-05
根,3.938884441377764e-05
部類,3.938884441377764e-05
勘弁,3.938884441377764e-05
やめろ,3.938884441377764e-05
ド,3.938884441377764e-05
過程,3.938884441377764e-05
恩師,3.938884441377764e-05
言葉,3.938884441377764e-05
振り返る,3.938884441377764e-05
連載,3.938884441377764e-05
（#,3.938884441377764e-05
浦和レッズ,3.938884441377764e-05
父親,3.938884441377764e-05
小学生,3.938884441377764e-05
コーチ,3.938884441377764e-05
お話,3.938884441377764e-05
伺っ,3.938884441377764e-05
チェイシング,3.938884441377764e-05
健在,3.938884441377764e-05
男,3.938884441377764e-05
STv,3.938884441377764e-05
jQYKRh,3.938884441377764e-05
ともかく,3.938884441377764e-05
ウォーミングアップ,3.938884441377764e-05
擦り,3.938884441377764e-05
ドイスボランチ,3.938884441377764e-05
有り,3.938884441377764e-05
果たして,3.938884441377764e-05
不用意,3.938884441377764e-05
KIRIN,3.938884441377764e-05
ESp,3.938884441377764e-05
EOmE,3.938884441377764e-05
チャレンジ,3.938884441377764e-05
たのしい,3.938884441377764e-05
あきらか,3.938884441377764e-05
えらく,3.938884441377764e-05
ブロンド,3.938884441377764e-05
抜い,3.938884441377764e-05
けども,3.938884441377764e-05
涙,3.938884441377764e-05
NekomeAndonBVB,3.938884441377764e-05
.@,3.938884441377764e-05
0317,3.938884441377764e-05
おはよう,3.938884441377764e-05
山,3.938884441377764e-05
✨　,3.938884441377764e-05
来週,3.938884441377764e-05
メッチャ,3.938884441377764e-05
個人技,3.938884441377764e-05
イン,3.938884441377764e-05
hUtZak,3.938884441377764e-05
位置付け,3.938884441377764e-05
ひっくり返っ,3.938884441377764e-05
たり,3.938884441377764e-05
？＃,3.938884441377764e-05
批判,3.938884441377764e-05
席,3.938884441377764e-05
ガラガラ,3.938884441377764e-05
感激,3.938884441377764e-05
取りどころ,3.938884441377764e-05
限り,3.938884441377764e-05
キャプ・,3.938884441377764e-05
サコ,3.938884441377764e-05
^),3.938884441377764e-05
KHPu,3.938884441377764e-05
うわ,3.938884441377764e-05
ざ,3.938884441377764e-05
ヒデ,3.938884441377764e-05
強烈,3.938884441377764e-05
柱,3.938884441377764e-05
まだまだ,3.938884441377764e-05
KfV,3.938884441377764e-05
kUVYjb,3.938884441377764e-05
はく,3.938884441377764e-05
がらり,3.938884441377764e-05
天皇,3.938884441377764e-05
戦え,3.938884441377764e-05
ヴァーディー,3.938884441377764e-05
ストライカー,3.938884441377764e-05
活き,3.938884441377764e-05
アジア,3.938884441377764e-05
弱,3.938884441377764e-05
近い,3.938884441377764e-05
プレッシャー,3.938884441377764e-05
commoner,3.938884441377764e-05
固,3.938884441377764e-05
思い知る,3.938884441377764e-05
言える,3.938884441377764e-05
質,3.938884441377764e-05
シン,3.938884441377764e-05
フォント,3.938884441377764e-05
足,3.938884441377764e-05
あがり,3.938884441377764e-05
ちかい,3.938884441377764e-05
何処,3.938884441377764e-05
入場,3.938884441377764e-05
小野,3.938884441377764e-05
伸二,3.938884441377764e-05
俊輔,3.938884441377764e-05
大輔,3.938884441377764e-05
ヨーロッパ,3.938884441377764e-05
モロッコ,3.938884441377764e-05
Ｂ,3.938884441377764e-05
古,3.938884441377764e-05
選出,3.938884441377764e-05
qRaVFq,3.938884441377764e-05
TO,3.938884441377764e-05
東,3.938884441377764e-05
モード,3.938884441377764e-05
ゲノム,3.938884441377764e-05
兵,3.938884441377764e-05
58,3.938884441377764e-05
NLUcVaZO,3.938884441377764e-05
宣言,3.938884441377764e-05
EF,3.938884441377764e-05
シラトリ,3.938884441377764e-05
🌈,3.938884441377764e-05
買い上げ,3.938884441377764e-05
種,3.938884441377764e-05
選べる,3.938884441377764e-05
高橋,3.938884441377764e-05
陽一,3.938884441377764e-05
先生,3.938884441377764e-05
オリジナルマーキング,3.938884441377764e-05
🎁,3.938884441377764e-05
対象,3.938884441377764e-05
品番,3.938884441377764e-05
有,3.938884441377764e-05
レプリカシャツ,3.938884441377764e-05
購入,3.938884441377764e-05
レア,3.938884441377764e-05
TtR,3.938884441377764e-05
nfbsEIgdsz,3.938884441377764e-05
lji,3.938884441377764e-05
49,3.938884441377764e-05
重視,3.938884441377764e-05
日頃,3.938884441377764e-05
食べ,3.938884441377764e-05
ジャガイモ,3.938884441377764e-05
原産地,3.938884441377764e-05
UEY,3.938884441377764e-05
imftIo,3.938884441377764e-05
FIFAWorl,3.938884441377764e-05
戦中,3.938884441377764e-05
ブロンズ,3.938884441377764e-05
ガチャチケ,3.938884441377764e-05
かや,3.938884441377764e-05
ゃおちゃちゃちゃちゃちゃ,3.938884441377764e-05
♪#,3.938884441377764e-05
それにしても,3.938884441377764e-05
画面,3.938884441377764e-05
収まる,3.938884441377764e-05
撮れよ,3.938884441377764e-05
交換,3.938884441377764e-05
揺さぶっ,3.938884441377764e-05
たって,3.938884441377764e-05
食わ,3.938884441377764e-05
注目,3.938884441377764e-05
ビジュール,3.938884441377764e-05
先,3.938884441377764e-05
祐希,3.938884441377764e-05
竿,3.938884441377764e-05
寛,3.938884441377764e-05
也,3.938884441377764e-05
I,3.938884441377764e-05
震え,3.938884441377764e-05
wwwwwww,3.938884441377764e-05
運動,3.938884441377764e-05
量,3.938884441377764e-05
増し,3.938884441377764e-05
ぱすごいや,3.938884441377764e-05
駆け引き,3.938884441377764e-05
しとる,3.938884441377764e-05
わな,3.938884441377764e-05
最悪,3.938884441377764e-05
ょばかりでつまらんし,3.938884441377764e-05
NHK,3.938884441377764e-05
追っ,3.938884441377764e-05
矢,3.938884441377764e-05
鈍い,3.938884441377764e-05
きら,3.938884441377764e-05
広告,3.938884441377764e-05
貰っ,3.938884441377764e-05
参照,3.938884441377764e-05
釘,3.938884441377764e-05
差さ,3.938884441377764e-05
走れる,3.938884441377764e-05
lockon,3.938884441377764e-05
cc,3.938884441377764e-05
高まる,3.938884441377764e-05
ちと,3.938884441377764e-05
おや,3.938884441377764e-05
GOOD,3.938884441377764e-05
走っ,3.938884441377764e-05
もらお,3.938884441377764e-05
非国民,3.938884441377764e-05
つまんな,3.938884441377764e-05
そ,3.938884441377764e-05
ぅか,3.938884441377764e-05
ルミ子,3.938884441377764e-05
感想,3.938884441377764e-05
おっさん,3.938884441377764e-05
中立,3.938884441377764e-05
頭,3.938884441377764e-05
マーク,3.938884441377764e-05
瞬間,3.938884441377764e-05
常識,3.938884441377764e-05
当たり前,3.938884441377764e-05
込む,3.938884441377764e-05
(￣◇￣;),3.938884441377764e-05
さっき,3.938884441377764e-05
42,3.938884441377764e-05
大分,3.938884441377764e-05
８,3.938884441377764e-05
🇨🇴,3.938884441377764e-05
kyojin,3.938884441377764e-05
まさか,3.938884441377764e-05
theodenden,3.938884441377764e-05
行け,3.938884441377764e-05
ごい,3.938884441377764e-05
気温,3.938884441377764e-05
℃,3.938884441377764e-05
超え,3.938884441377764e-05
転がり,3.938884441377764e-05
ＰＡ,3.938884441377764e-05
ちょっとした,3.938884441377764e-05
手ごたえ,3.938884441377764e-05
izgs,3.938884441377764e-05
i,3.938884441377764e-05
すき,3.938884441377764e-05
過去,3.938884441377764e-05
ついて行っ,3.938884441377764e-05
シグナル,3.938884441377764e-05
多,3.938884441377764e-05
同,3.938884441377764e-05
放り込む,3.938884441377764e-05
用意,3.938884441377764e-05
あっさり,3.938884441377764e-05
馬,3.938884441377764e-05
Spotify,3.938884441377764e-05
EYnMVRzKMV,3.938884441377764e-05
アツイ,3.938884441377764e-05
ザッケローニ,3.938884441377764e-05
果たし,3.938884441377764e-05
ござる,3.938884441377764e-05
絡ん,3.938884441377764e-05
。。。#,3.938884441377764e-05
グスタボゴメス,3.938884441377764e-05
ベティス,3.938884441377764e-05
どん,3.938884441377764e-05
やすい,3.938884441377764e-05
泣け,3.938884441377764e-05
(´；,3.938884441377764e-05
ヒド,3.938884441377764e-05
かっ,3.938884441377764e-05
69,3.938884441377764e-05
ukz,3.938884441377764e-05
アルコール,3.938884441377764e-05
寝,3.938884441377764e-05
ノンアル,3.938884441377764e-05
キング,3.938884441377764e-05
どうぞ,3.938884441377764e-05
znxWi,3.938884441377764e-05
SKch,3.938884441377764e-05
hrP,3.938884441377764e-05
InW,3.938884441377764e-05
JAPANvs,3.938884441377764e-05
構図,3.938884441377764e-05
生み出し,3.938884441377764e-05
よっしゃ,3.938884441377764e-05
(@,3.938884441377764e-05
Hannover,3.938884441377764e-05
96,3.938884441377764e-05
結び,3.938884441377764e-05
🤝,3.938884441377764e-05
SAMURAIBULE,3.938884441377764e-05
daihyohttps,3.938884441377764e-05
奪う,3.938884441377764e-05
磨い,3.938884441377764e-05
？？？#,3.938884441377764e-05
皆さん,3.938884441377764e-05
イングランド,3.938884441377764e-05
19,3.938884441377764e-05
ITHYglB,3.938884441377764e-05
uR,3.938884441377764e-05
GNmGWBVYoA,3.938884441377764e-05
(`,3.938884441377764e-05
´)#,3.938884441377764e-05
イエロー,3.938884441377764e-05
荒い,3.938884441377764e-05
マヤ,3.938884441377764e-05
or,3.938884441377764e-05
キャプション,3.938884441377764e-05
03,3.938884441377764e-05
odUDsbOr,3.938884441377764e-05
意思,3.938884441377764e-05
統一,3.938884441377764e-05
重要,3.938884441377764e-05
生き物,3.938884441377764e-05
輔,3.938884441377764e-05
視界,3.938884441377764e-05
良好,3.938884441377764e-05
～♬*,3.938884441377764e-05
ﾟ,3.938884441377764e-05
厚い,3.938884441377764e-05
意見,3.938884441377764e-05
チラチラ,3.938884441377764e-05
イトゥルベ,3.938884441377764e-05
バイタル,3.938884441377764e-05
持つ,3.938884441377764e-05
停滞,3.938884441377764e-05
もてる,3.938884441377764e-05
前のめり,3.938884441377764e-05
足りん,3.938884441377764e-05
シンジ,3.938884441377764e-05
バルセロナ,3.938884441377764e-05
質問,3.938884441377764e-05
⚖#,3.938884441377764e-05
オフサイド,3.938884441377764e-05
あう,3.938884441377764e-05
濃い,3.938884441377764e-05
OptaJiro,3.938884441377764e-05
もぐら,3.938884441377764e-05
定番,3.938884441377764e-05
Oh,3.938884441377764e-05
ファールダロー,3.938884441377764e-05
MTK,3.938884441377764e-05
消え,3.938884441377764e-05
こりゃ,3.938884441377764e-05
通ら,3.938884441377764e-05
猛,3.938884441377764e-05
キッ,3.938884441377764e-05
かよ,3.938884441377764e-05
保てる,3.938884441377764e-05
肝,3.938884441377764e-05
alphonsearia,3.938884441377764e-05
04,3.938884441377764e-05
抜け,3.938884441377764e-05
分かっ,3.938884441377764e-05
逃げる,3.938884441377764e-05
なァ,3.938884441377764e-05
!!」,3.938884441377764e-05
登場,3.938884441377764e-05
Jwx,3.938884441377764e-05
ケア,3.938884441377764e-05
出来る,3.938884441377764e-05
配置,3.938884441377764e-05
体重,3.938884441377764e-05
言い方,3.938884441377764e-05
味わい,3.938884441377764e-05
城,3.938884441377764e-05
増え,3.938884441377764e-05
割り,3.938884441377764e-05
▶,3.938884441377764e-05
ｵｲｼｲ,3.938884441377764e-05
増える,3.938884441377764e-05
辺,3.938884441377764e-05
+,3.938884441377764e-05
賭け,3.938884441377764e-05
BET,3.938884441377764e-05
当然,3.938884441377764e-05
近づい,3.938884441377764e-05
あんまり,3.938884441377764e-05
ヤル,3.938884441377764e-05
あろ,3.938884441377764e-05
嬉しく,3.938884441377764e-05
オイラ,3.938884441377764e-05
azQn,3.938884441377764e-05
KRP,3.938884441377764e-05
動ける,3.938884441377764e-05
徳,3.938884441377764e-05
マイナス,3.938884441377764e-05
打ち込め,3.938884441377764e-05
デフェンス,3.938884441377764e-05
広げ,3.938884441377764e-05
解任,3.938884441377764e-05
受信,3.938884441377764e-05
球,3.938884441377764e-05
更迭,3.938884441377764e-05
フィールド,3.938884441377764e-05
向か,3.938884441377764e-05
井手口,3.938884441377764e-05
終わり,3.938884441377764e-05
増やし,3.938884441377764e-05
エイバルチームメイト,3.938884441377764e-05
みれ,3.938884441377764e-05
ぃ,3.938884441377764e-05
erjEMzlY,3.938884441377764e-05
もらい,3.938884441377764e-05
戻れ,3.938884441377764e-05
作れ,3.938884441377764e-05
ぼこぼこ,3.938884441377764e-05
油,3.938884441377764e-05
さま,3.938884441377764e-05
ふざけ,3.938884441377764e-05
JIENTAI,3.938884441377764e-05
34,3.938884441377764e-05
‥,3.938884441377764e-05
さようなら,3.938884441377764e-05
ホンダサーン,3.938884441377764e-05
現時点,3.938884441377764e-05
早速,3.938884441377764e-05
凄かっ,3.938884441377764e-05
顔,3.938884441377764e-05
惑わす,3.938884441377764e-05
よって,3.938884441377764e-05
変わる,3.938884441377764e-05
狙っ,3.938884441377764e-05
受ける,3.938884441377764e-05
鋭く,3.938884441377764e-05
悲しい,3.938884441377764e-05
マジック,3.938884441377764e-05
成功,3.938884441377764e-05
敗退,3.938884441377764e-05
景気,3.938884441377764e-05
誤解,3.938884441377764e-05
生む,3.938884441377764e-05
しまい,3.938884441377764e-05
プレ,3.938884441377764e-05
●②,3.938884441377764e-05
●③,3.938884441377764e-05
勝,3.938884441377764e-05
ベンゼマ,3.938884441377764e-05
蘇る,3.938884441377764e-05
コ,3.938884441377764e-05
別,3.938884441377764e-05
もしくは,3.938884441377764e-05
指示,3.938884441377764e-05
真,3.938884441377764e-05
ジャー,3.938884441377764e-05
ビル,3.938884441377764e-05
gcRor,3.938884441377764e-05
yuriatan,3.938884441377764e-05
0222,3.938884441377764e-05
持ち上げる,3.938884441377764e-05
聞き,3.938884441377764e-05
帰れ,3.938884441377764e-05
どの,3.938884441377764e-05
プ,3.938884441377764e-05
夜,3.938884441377764e-05
❌,3.938884441377764e-05
Y,3.938884441377764e-05
14231,3.938884441377764e-05
◜,3.938884441377764e-05
◝,3.938884441377764e-05
)!#,3.938884441377764e-05
系列,3.938884441377764e-05
?！,3.938884441377764e-05
観光,3.938884441377764e-05
おじさん,3.938884441377764e-05
なお,3.938884441377764e-05
懐かし,3.938884441377764e-05
ーアイスランド,3.938884441377764e-05
pry,3.938884441377764e-05
えー,3.938884441377764e-05
始球,3.938884441377764e-05
式,3.938884441377764e-05
おもろ,3.938884441377764e-05
今夜,3.938884441377764e-05
Player,3.938884441377764e-05
クッソ,3.938884441377764e-05
...！,3.938884441377764e-05
29,3.938884441377764e-05
AlaYZtn,3.938884441377764e-05
wwwwww,3.938884441377764e-05
(-_-;)#,3.938884441377764e-05
センチ,3.938884441377764e-05
ε,3.938884441377764e-05
JAF,3.938884441377764e-05
残っ,3.938884441377764e-05
ビシャール,3.938884441377764e-05
あげよ,3.938884441377764e-05
だいぶ,3.938884441377764e-05
wwwwwwww,3.938884441377764e-05
キャンチョメ,3.938884441377764e-05
一概,3.938884441377764e-05
へん,3.938884441377764e-05
間違い,3.938884441377764e-05
笑っ,3.938884441377764e-05
突か,3.938884441377764e-05
一時,3.938884441377764e-05
昌司,3.938884441377764e-05
カバー,3.938884441377764e-05
事なき,3.938884441377764e-05
危険,3.938884441377764e-05
シーン,3.938884441377764e-05
呼べ,3.938884441377764e-05
敗れ,3.938884441377764e-05
守護神,3.938884441377764e-05
残り,3.938884441377764e-05
刷新,3.938884441377764e-05
おる,3.938884441377764e-05
～～～,3.938884441377764e-05
古傷,3.938884441377764e-05
ちょ,3.938884441377764e-05
ゴメン,3.938884441377764e-05
◎#,3.938884441377764e-05
dis,3.938884441377764e-05
なんで,3.938884441377764e-05
神奈川,3.938884441377764e-05
平塚,3.938884441377764e-05
市,3.938884441377764e-05
書店,3.938884441377764e-05
湘南,3.938884441377764e-05
ベルマーレ,3.938884441377764e-05
大将,3.938884441377764e-05
おり,3.938884441377764e-05
bellmare,3.938884441377764e-05
VgjmS,3.938884441377764e-05
aEyX,3.938884441377764e-05
ちゃあ,3.938884441377764e-05
かん,3.938884441377764e-05
軽い,3.938884441377764e-05
輝い,3.938884441377764e-05
燃える,3.938884441377764e-05
通る,3.938884441377764e-05
メディア,3.938884441377764e-05
大概,3.938884441377764e-05
読め,3.938884441377764e-05
実際,3.938884441377764e-05
怖く,3.938884441377764e-05
gP,3.938884441377764e-05
TV,3.938884441377764e-05
。(^-^;),3.938884441377764e-05
現れる,3.938884441377764e-05
づくり,3.938884441377764e-05
彼女,3.938884441377764e-05
マサコ,3.938884441377764e-05
だれ,3.938884441377764e-05
映る,3.938884441377764e-05
frontale,3.938884441377764e-05
拍手,3.938884441377764e-05
OlbBuC,3.938884441377764e-05
68,3.938884441377764e-05
cW,3.938884441377764e-05
度合,3.938884441377764e-05
響く,3.938884441377764e-05
モヤ,3.938884441377764e-05
っと,3.938884441377764e-05
進化,3.938884441377764e-05
論,3.938884441377764e-05
50,3.938884441377764e-05
唐突,3.938884441377764e-05
パラメヒコマン,3.938884441377764e-05
流れ弾,3.938884441377764e-05
👏👏👏👏👏,3.938884441377764e-05
➡,3.938884441377764e-05
🎌,3.938884441377764e-05
運命,3.938884441377764e-05
`)#,3.938884441377764e-05
イラ,3.938884441377764e-05
💢,3.938884441377764e-05
自由,3.938884441377764e-05
扱い,3.938884441377764e-05
問題,3.938884441377764e-05
荒れ,3.938884441377764e-05
資料,3.938884441377764e-05
手,3.938884441377764e-05
難聴,3.938884441377764e-05
記憶,3.938884441377764e-05
【#,3.938884441377764e-05
合宿,3.938884441377764e-05
ノーカット,3.938884441377764e-05
貴史,3.938884441377764e-05
bIjzXNMGrx,3.938884441377764e-05
まわり,3.938884441377764e-05
退場,3.938884441377764e-05
なけれ,3.938884441377764e-05
スタンコビッチ,3.938884441377764e-05
qNoTCeJe,3.938884441377764e-05
貰い,3.938884441377764e-05
下がる,3.938884441377764e-05
PA,3.938884441377764e-05
kocG,3.938884441377764e-05
想い出,3.938884441377764e-05
あげる,3.938884441377764e-05
続き,3.938884441377764e-05
アギラール,3.938884441377764e-05
投入,3.938884441377764e-05
コパ・アメリカ,3.938884441377764e-05
Villar,3.938884441377764e-05
DCkQ,3.938884441377764e-05
dgMz,3.938884441377764e-05
コパ,3.938884441377764e-05
アメリカ,3.938884441377764e-05
イケ,3.938884441377764e-05
ほんと,3.938884441377764e-05
ハーフタイム,3.938884441377764e-05
会長,3.938884441377764e-05
化,3.938884441377764e-05
会得,3.938884441377764e-05
最低,3.938884441377764e-05
程度,3.938884441377764e-05
大した,3.938884441377764e-05
WC,3.938884441377764e-05
今更,3.938884441377764e-05
思い出す,3.938884441377764e-05
せれ,3.938884441377764e-05
ヒストリー,3.938884441377764e-05
brtLdfGi,3.938884441377764e-05
Z,3.938884441377764e-05
去る,3.938884441377764e-05
やし,3.938884441377764e-05
ガツガツ,3.938884441377764e-05
支配,3.938884441377764e-05
ゅん,3.938884441377764e-05
抜け出す,3.938884441377764e-05
中学,3.938884441377764e-05
職員,3.938884441377764e-05
室,3.938884441377764e-05
持て,3.938884441377764e-05
れん,3.938884441377764e-05
🇵🇾🇯🇵,3.938884441377764e-05
戦っ,3.938884441377764e-05
この間,3.938884441377764e-05
倒す,3.938884441377764e-05
伝説,3.938884441377764e-05
ユニット,3.938884441377764e-05
復活,3.938884441377764e-05
サカノワ,3.938884441377764e-05
2009,3.938884441377764e-05
47,3.938884441377764e-05
量産,3.938884441377764e-05
擦れ違い,3.938884441377764e-05
ZgpUUfxDPX,3.938884441377764e-05
じわじわ,3.938884441377764e-05
😌,3.938884441377764e-05
　－　,3.938884441377764e-05
そういう,3.938884441377764e-05
緊急,3.938884441377764e-05
事態,3.938884441377764e-05
見極め,3.938884441377764e-05
連,3.938884441377764e-05
Iyd,3.938884441377764e-05
願,3.938884441377764e-05
悪かっ,3.938884441377764e-05
組立,3.938884441377764e-05
いき,3.938884441377764e-05
ましょ,3.938884441377764e-05
MCQXcesJ,3.938884441377764e-05
忘れ,3.938884441377764e-05
今朝,3.938884441377764e-05
覚え,3.938884441377764e-05
つい,3.938884441377764e-05
始め,3.938884441377764e-05
GFC,3.938884441377764e-05
実践,3.938884441377764e-05
AaQEgS,3.938884441377764e-05
Jz,3.938884441377764e-05
xDO,3.938884441377764e-05
IgBv,3.938884441377764e-05
つくづく,3.938884441377764e-05
ハリホジ,3.938884441377764e-05
干し,3.938884441377764e-05
謎,3.938884441377764e-05
レーン,3.938884441377764e-05
ポジショナルプレー,3.938884441377764e-05
やってこ,3.938884441377764e-05
isovic,3.938884441377764e-05
gamba,3.938884441377764e-05
どやさ,3.938884441377764e-05
mUS,3.938884441377764e-05
84,3.938884441377764e-05
客観,3.938884441377764e-05
頼み,3.938884441377764e-05
kinczem,3.938884441377764e-05
未だに,3.938884441377764e-05
麻也,3.938884441377764e-05
悔やん,3.938884441377764e-05
返っ,3.938884441377764e-05
話し合い,3.938884441377764e-05
❓#,3.938884441377764e-05
失わ,3.938884441377764e-05
割っ,3.938884441377764e-05
ランク,3.938884441377764e-05
ザコ,3.938884441377764e-05
ひたすら,3.938884441377764e-05
ꉂꉂ,3.938884441377764e-05
ˊᗜˋ,3.938884441377764e-05
*),3.938884441377764e-05
キテ,3.938884441377764e-05
国内,3.938884441377764e-05
盛大,3.938884441377764e-05
送り出し,3.938884441377764e-05
垂れる,3.938884441377764e-05
言い訳,3.938884441377764e-05
仕上がっ,3.938884441377764e-05
外す,3.938884441377764e-05
血,3.938884441377764e-05
流す,3.938884441377764e-05
カッコ,3.938884441377764e-05
Az,3.938884441377764e-05
どうし,3.938884441377764e-05
昌,3.938884441377764e-05
昔,3.938884441377764e-05
BIG,3.938884441377764e-05
顎,3.938884441377764e-05
上田,3.938884441377764e-05
メーカー,3.938884441377764e-05
バラバラ,3.938884441377764e-05
うち,3.938884441377764e-05
🙌🏻,3.938884441377764e-05
リスペクト,3.938884441377764e-05
osako,3.938884441377764e-05
いじっ,3.938884441377764e-05
クラブ,3.938884441377764e-05
つながり,3.938884441377764e-05
BBC,3.938884441377764e-05
走ろ,3.938884441377764e-05
上々,3.938884441377764e-05
新しい,3.938884441377764e-05
吹か,3.938884441377764e-05
純粋,3.938884441377764e-05
ほしく,3.938884441377764e-05
演出,3.938884441377764e-05
[,3.938884441377764e-05
呂,3.938884441377764e-05
スタンプ,3.938884441377764e-05
CE,3.938884441377764e-05
VbgdSTp,3.938884441377764e-05
結城,3.938884441377764e-05
サン,3.938884441377764e-05
ズレ,3.938884441377764e-05
bSUtAxl,3.938884441377764e-05
ほら,3.938884441377764e-05
定義,3.938884441377764e-05
ハーモニー,3.938884441377764e-05
爽やか,3.938884441377764e-05
イヌイ,3.938884441377764e-05
mzojReltbV,3.938884441377764e-05
SILVA,3.938884441377764e-05
1105,3.938884441377764e-05
回る,3.938884441377764e-05
なぁー,3.938884441377764e-05
混乱,3.938884441377764e-05
懸命,3.938884441377764e-05
最早,3.938884441377764e-05
明確,3.938884441377764e-05
数少ない,3.938884441377764e-05
救い,3.938884441377764e-05
😞,3.938884441377764e-05
リーガ,3.938884441377764e-05
ぱすげえな,3.938884441377764e-05
bot,3.938884441377764e-05
32903290,3.938884441377764e-05
xK,3.938884441377764e-05
IQna,3.938884441377764e-05
本線,3.938884441377764e-05
すごく,3.938884441377764e-05
遠慮,3.938884441377764e-05
開催,3.938884441377764e-05
つつ,3.938884441377764e-05
←,3.938884441377764e-05
おなか,3.938884441377764e-05
速度,3.938884441377764e-05
リザーブ,3.938884441377764e-05
いぬ,3.938884441377764e-05
散らし,3.938884441377764e-05
アタック,3.938884441377764e-05
スキル,3.938884441377764e-05
yossy,3.938884441377764e-05
1031,3.938884441377764e-05
m,3.938884441377764e-05
かかっ,3.938884441377764e-05
あてはめ,3.938884441377764e-05
ごっそり,3.938884441377764e-05
昭和,3.938884441377764e-05
臨む,3.938884441377764e-05
プレーヤー,3.938884441377764e-05
見解,3.938884441377764e-05
ぷれす,3.938884441377764e-05
ませ,3.938884441377764e-05
yRzw,3.938884441377764e-05
xo,3.938884441377764e-05
kCoK,3.938884441377764e-05
なでしこ,3.938884441377764e-05
無料,3.938884441377764e-05
券,3.938884441377764e-05
くばれよ,3.938884441377764e-05
ロング,3.938884441377764e-05
思わず,3.938884441377764e-05
笑み,3.938884441377764e-05
適切,3.938884441377764e-05
プレイヤー,3.938884441377764e-05
ひと,3.938884441377764e-05
後継,3.938884441377764e-05
✨✨#,3.938884441377764e-05
何で,3.938884441377764e-05
🙆,3.938884441377764e-05
‍♂,3.938884441377764e-05
軍,3.938884441377764e-05
ワンテンポ,3.938884441377764e-05
遅く,3.938884441377764e-05
通れ,3.938884441377764e-05
遅かっ,3.938884441377764e-05
立ち,3.938884441377764e-05
ドー,3.938884441377764e-05
バランス,3.938884441377764e-05
回っ,3.938884441377764e-05
動か,3.938884441377764e-05
z,3.938884441377764e-05
📆,3.938884441377764e-05
⏰,3.938884441377764e-05
体,3.938884441377764e-05
気持ちいい,3.938884441377764e-05
jqU,3.938884441377764e-05
pMDO,3.938884441377764e-05
u,3.938884441377764e-05
恥ずかしい,3.938884441377764e-05
･･･。,3.938884441377764e-05
広い,3.938884441377764e-05
広く,3.938884441377764e-05
en,3.938884441377764e-05
dgw,3.938884441377764e-05
選ぶ,3.938884441377764e-05
monsterdriver,3.938884441377764e-05
なんと,3.938884441377764e-05
米沢,3.938884441377764e-05
d,3.938884441377764e-05
dnbsVeHqa,3.938884441377764e-05
微妙,3.938884441377764e-05
👍🏻,3.938884441377764e-05
確実,3.938884441377764e-05
だけど,3.938884441377764e-05
！～,3.938884441377764e-05
24,3.938884441377764e-05
リスボン,3.938884441377764e-05
aMFJYcl,3.938884441377764e-05
987,3.938884441377764e-05
vI,3.938884441377764e-05
BcIH,3.938884441377764e-05
ショボ,3.938884441377764e-05
ミスワロタ,3.938884441377764e-05
整理,3.938884441377764e-05
nifenif,3.938884441377764e-05
ekiden,3.938884441377764e-05
1101,3.938884441377764e-05
Inui,3.938884441377764e-05
both,3.938884441377764e-05
starting,3.938884441377764e-05
for,3.938884441377764e-05
the,3.938884441377764e-05
team,3.938884441377764e-05
is,3.938884441377764e-05
yrs,3.938884441377764e-05
too,3.938884441377764e-05
late,3.938884441377764e-05
Daihyo,3.938884441377764e-05
SamuraiBlue,3.938884441377764e-05
シーズン,3.938884441377764e-05
限っ,3.938884441377764e-05
言え,3.938884441377764e-05
楽,3.938884441377764e-05
つまんない,3.938884441377764e-05
コーチング,3.938884441377764e-05
？？#,3.938884441377764e-05
ぽんぽん,3.938884441377764e-05
要ら,3.938884441377764e-05
パラ,3.938884441377764e-05
mCJH,3.938884441377764e-05
deLE,3.938884441377764e-05
leonheart,3.938884441377764e-05
007,3.938884441377764e-05
豊,3.938884441377764e-05
呼ぼ,3.938884441377764e-05
おおい,3.938884441377764e-05
イラッ,3.938884441377764e-05
吐い,3.938884441377764e-05
上がれ,3.938884441377764e-05
サンパウロ,3.938884441377764e-05
ネイマール,3.938884441377764e-05
ローマ,3.938884441377764e-05
ファラオーネ,3.938884441377764e-05
食らいつい,3.938884441377764e-05
どうやら,3.938884441377764e-05
別人,3.938884441377764e-05
セリエ,3.938884441377764e-05
イバン・ピリス,3.938884441377764e-05
登録,3.938884441377764e-05
ロベルト,3.938884441377764e-05
kHDQzd,3.938884441377764e-05
79,3.938884441377764e-05
JU,3.938884441377764e-05
babymaybe,3.938884441377764e-05
1996,3.938884441377764e-05
染め,3.938884441377764e-05
持た,3.938884441377764e-05
メンディリバル,3.938884441377764e-05
仕込ま,3.938884441377764e-05
ボールウォッチャー,3.938884441377764e-05
く,3.938884441377764e-05
翌日,3.938884441377764e-05
チボリ・シュタディオン,3.938884441377764e-05
記者,3.938884441377764e-05
会見,3.938884441377764e-05
??,3.938884441377764e-05
...(,3.938884441377764e-05
勝ち取っ,3.938884441377764e-05
息,3.938884441377764e-05
ぴったり,3.938884441377764e-05
上着,3.938884441377764e-05
着る,3.938884441377764e-05
ボタン,3.938884441377764e-05
すかし,3.938884441377764e-05
昼休み,3.938884441377764e-05
サラリーマン,3.938884441377764e-05
しかた,3.938884441377764e-05
入ら,3.938884441377764e-05
柿谷,3.938884441377764e-05
扇原,3.938884441377764e-05
しま,3.938884441377764e-05
獅子奮迅,3.938884441377764e-05
働き,3.938884441377764e-05
見違える,3.938884441377764e-05
近々,3.938884441377764e-05
...#,3.938884441377764e-05
イキイキ,3.938884441377764e-05
スピードダウン,3.938884441377764e-05
あぶ,3.938884441377764e-05
走り,3.938884441377764e-05
感覚,3.938884441377764e-05
浮い,3.938884441377764e-05
なんとか,3.938884441377764e-05
ロンドン,3.938884441377764e-05
同感,3.938884441377764e-05
mitsuyacider,3.938884441377764e-05
105,3.938884441377764e-05
ハイペース,3.938884441377764e-05
通さ,3.938884441377764e-05
博打,3.938884441377764e-05
同じく,3.938884441377764e-05
コロコロ,3.938884441377764e-05
もらえ,3.938884441377764e-05
姿,3.938884441377764e-05
打,3.938884441377764e-05
怖,3.301256127956687e-05
及ん,3.301256127956687e-05
じ,3.301256127956687e-05
ずいぶん,3.301256127956687e-05
失う,3.301256127956687e-05
べ,3.301256127956687e-05
x,3.301256127956687e-05
88,3.301256127956687e-05
嫌い,3.301256127956687e-05
セカンド,3.301256127956687e-05
プロフェッショナル,3.301256127956687e-05
チャンネル,3.301256127956687e-05
うーん,3.301256127956687e-05
）　#,3.301256127956687e-05
関与,3.301256127956687e-05
スター,3.301256127956687e-05
状態,3.301256127956687e-05
奴ら,3.301256127956687e-05
セット,3.301256127956687e-05
相当,3.301256127956687e-05
視聴,3.301256127956687e-05
比べる,3.301256127956687e-05
人気,3.301256127956687e-05
選択,3.301256127956687e-05
様,3.301256127956687e-05
仕方,3.301256127956687e-05
強度,3.301256127956687e-05
興味津々,3.301256127956687e-05
途切れ,3.301256127956687e-05
presented,3.301256127956687e-05
開け,3.301256127956687e-05
組織,2.7947562526780536e-05
匙,2.7947562526780536e-05
onOkLyhWm,2.7947562526780536e-05
街,2.7947562526780536e-05
そん,2.7947562526780536e-05
ナタ,2.7947562526780536e-05
ブレブレ,2.7947562526780536e-05
😔,2.7947562526780536e-05
VFKDAZN,2.7947562526780536e-05
ける,2.7947562526780536e-05
死ぬ,2.7947562526780536e-05
ClZ,2.7947562526780536e-05
fWURd,2.7947562526780536e-05
何かしら,2.7947562526780536e-05
注意,2.7947562526780536e-05
！[,2.7947562526780536e-05
見せろ,2.7947562526780536e-05
ビックリ,2.7947562526780536e-05
株,2.7947562526780536e-05
⁉,2.7947562526780536e-05
奪わ,2.7947562526780536e-05
仕掛ける,2.7947562526780536e-05
アホ,2.7947562526780536e-05
奪っ,2.7947562526780536e-05
ペナルティ,2.7947562526780536e-05
侵入,2.7947562526780536e-05
ハマっ,2.7947562526780536e-05
交わし,2.7947562526780536e-05
甘い,2.7947562526780536e-05
ぶつけ,2.7947562526780536e-05
悪口,2.7947562526780536e-05
ルヴァン,2.7947562526780536e-05
副,2.7947562526780536e-05
人間,2.7947562526780536e-05
^)／,2.7947562526780536e-05
帯,2.7947562526780536e-05
難し,2.7947562526780536e-05
早,2.7947562526780536e-05
ポジ,2.7947562526780536e-05
おぉ,2.7947562526780536e-05
伝わら,2.7947562526780536e-05
下がり目,2.7947562526780536e-05
狙える,2.7947562526780536e-05
冴え,2.7947562526780536e-05
ーキ,2.7947562526780536e-05
要するに,2.7947562526780536e-05
TOKYOUNITED,2.7947562526780536e-05
音楽,2.7947562526780536e-05
外せ,2.7947562526780536e-05
模索,2.7947562526780536e-05
トリオ,2.7947562526780536e-05
外国,2.7947562526780536e-05
しょうじ,2.7947562526780536e-05
トラ,2.7947562526780536e-05
コロ,2.7947562526780536e-05
模様,2.7947562526780536e-05
満員,2.7947562526780536e-05
代わっ,2.7947562526780536e-05
戻る,2.7947562526780536e-05
使い,2.7947562526780536e-05
為,2.7947562526780536e-05
理由,2.7947562526780536e-05
感じ入,2.7947562526780536e-05
拘ら,2.7947562526780536e-05
まくっ,2.7947562526780536e-05
まして,2.7947562526780536e-05
惚れ,2.7947562526780536e-05
日程,2.7947562526780536e-05
時間割,2.7947562526780536e-05
順位,2.7947562526780536e-05
更新,2.7947562526780536e-05
やさしく,2.7947562526780536e-05
教え,2.7947562526780536e-05
たまたま,2.7947562526780536e-05
SA,2.7947562526780536e-05
ほめ,2.7947562526780536e-05
メダル,2.7947562526780536e-05
まわし,2.7947562526780536e-05
周作,2.7947562526780536e-05
なのに,2.7947562526780536e-05
与える,2.7947562526780536e-05
　＃,2.7947562526780536e-05
ともあれ,2.7947562526780536e-05
そこそこ,2.7947562526780536e-05
カット,2.7947562526780536e-05
ゃがとも,2.7947562526780536e-05
揃い,2.7947562526780536e-05
踏み,2.7947562526780536e-05
gr,2.7947562526780536e-05
音,2.7947562526780536e-05
個性,2.7947562526780536e-05
灰,2.7947562526780536e-05
確約,2.7947562526780536e-05
整っ,2.7947562526780536e-05
みえる,2.7947562526780536e-05
かけ,2.7947562526780536e-05
コース,2.7947562526780536e-05
スイッチ,2.7947562526780536e-05
助かる,2.7947562526780536e-05
上がっ,2.7947562526780536e-05
とれ,2.7947562526780536e-05
タックル,2.7947562526780536e-05
ボ,2.7947562526780536e-05
オーセンティック,2.7947562526780536e-05
トマト,2.7947562526780536e-05
何とか,2.7947562526780536e-05
無,2.7947562526780536e-05
みち,2.7947562526780536e-05
お互い,2.7947562526780536e-05
行き,2.7947562526780536e-05
切符,2.7947562526780536e-05
verdy,2.7947562526780536e-05
manzo,2.7947562526780536e-05
ソフトバンク,2.7947562526780536e-05
快勝,2.7947562526780536e-05
似,2.7947562526780536e-05
当確,2.7947562526780536e-05
遠目,2.7947562526780536e-05
ZZefrNCSLq,2.7947562526780536e-05
乗っかっ,2.7947562526780536e-05
エスコバル,2.7947562526780536e-05
おかげ,2.7947562526780536e-05
；｀)#,2.7947562526780536e-05
パサー,2.7947562526780536e-05
🇩🇪,2.7947562526780536e-05
当たり,2.7947562526780536e-05
むね,2.7947562526780536e-05
胸板,2.7947562526780536e-05
細かい,2.7947562526780536e-05
噛み,2.7947562526780536e-05
武器,2.7947562526780536e-05
～。　#,2.7947562526780536e-05
opta,2.7947562526780536e-05
基,2.7947562526780536e-05
予測,2.7947562526780536e-05
それに,2.7947562526780536e-05
次いで,2.7947562526780536e-05
%）。,2.7947562526780536e-05
わくわく,2.7947562526780536e-05
Opta,2.7947562526780536e-05
Prediction,2.7947562526780536e-05
に関する,2.7947562526780536e-05
詳しい,2.7947562526780536e-05
http,2.7947562526780536e-05
48,2.7947562526780536e-05
中央,2.7947562526780536e-05
出そ,2.7947562526780536e-05
俄然,2.7947562526780536e-05
xDFtPI,2.7947562526780536e-05
つなぐ,2.7947562526780536e-05
取ら,2.7947562526780536e-05
シンジカガワ,2.7947562526780536e-05
率,2.7947562526780536e-05
減る,2.7947562526780536e-05
め,2.7947562526780536e-05
やれる,2.7947562526780536e-05
当時,2.7947562526780536e-05
段違い,2.7947562526780536e-05
回せる,2.7947562526780536e-05
惚れ惚れ,2.7947562526780536e-05
ところで,2.7947562526780536e-05
下げ,2.7947562526780536e-05
させ,2.7947562526780536e-05
リード,2.7947562526780536e-05
ビジヤール,2.7947562526780536e-05
近く,2.7947562526780536e-05
何事,2.7947562526780536e-05
効果,2.7947562526780536e-05
HB,2.7947562526780536e-05
野球,2.7947562526780536e-05
テストマッチサッカー,2.7947562526780536e-05
集まっ,2.7947562526780536e-05
花,2.7947562526780536e-05
いやー,2.7947562526780536e-05
(^_^;),2.7947562526780536e-05
あー,2.7947562526780536e-05
頃,2.7947562526780536e-05
引き受け,2.7947562526780536e-05
ダメダメ,2.7947562526780536e-05
遊ん,2.7947562526780536e-05
調和,2.7947562526780536e-05
貢献,2.7947562526780536e-05
トレンド,2.7947562526780536e-05
HowMuchHamachi,2.7947562526780536e-05
サクラ,2.7947562526780536e-05
腐敗,2.7947562526780536e-05
RwyMkvbe,2.7947562526780536e-05
HhEHEuc,2.7947562526780536e-05
得る,2.7947562526780536e-05
LVH,2.7947562526780536e-05
スルーパス,2.7947562526780536e-05
彼,2.7947562526780536e-05
晒さ,2.7947562526780536e-05
ついてん,2.7947562526780536e-05
職業,2.7947562526780536e-05
介,2.7947562526780536e-05
分間,2.7947562526780536e-05
ぐいなぁ,2.7947562526780536e-05
下がっ,2.7947562526780536e-05
IDPmQoI,2.7947562526780536e-05
д,2.7947562526780536e-05
熱,2.7947562526780536e-05
無くなっ,2.7947562526780536e-05
パラグライ,2.7947562526780536e-05
優位,2.7947562526780536e-05
けが,2.7947562526780536e-05
STMhayato,2.7947562526780536e-05
いれ,2.7947562526780536e-05
維持,2.7947562526780536e-05
足踏み,2.7947562526780536e-05
hSoPuQ,2.7947562526780536e-05
オレンジ,2.7947562526780536e-05
gambaosaka,2.7947562526780536e-05
あげろ,2.7947562526780536e-05
色んな,2.7947562526780536e-05
目標,2.7947562526780536e-05
qslgT,2.7947562526780536e-05
力量,2.7947562526780536e-05
飛ばし,2.7947562526780536e-05
hanpa,2.7947562526780536e-05
とにかく,2.7947562526780536e-05
🌬,2.7947562526780536e-05
田村,2.7947562526780536e-05
漏らす,2.7947562526780536e-05
頑張ら,2.7947562526780536e-05
mG,2.7947562526780536e-05
比べ,2.7947562526780536e-05
連想,2.7947562526780536e-05
笑顔,2.7947562526780536e-05
張る,2.7947562526780536e-05
寄せ,2.7947562526780536e-05
とい,2.7947562526780536e-05
iw,2.7947562526780536e-05
週間,2.7947562526780536e-05
互角,2.7947562526780536e-05
動き回る,2.7947562526780536e-05
プレビュー,2.7947562526780536e-05
不,2.7947562526780536e-05
またもや,2.7947562526780536e-05
トラップ,2.7947562526780536e-05
national,2.7947562526780536e-05
足り,2.7947562526780536e-05
受け手,2.7947562526780536e-05
体制,2.7947562526780536e-05
哲学,2.7947562526780536e-05
WXTnjBpJJU,2.7947562526780536e-05
？｢,2.7947562526780536e-05
かちゃ,2.7947562526780536e-05
バテ,2.7947562526780536e-05
Tei,2.7947562526780536e-05
何となく,2.7947562526780536e-05
転がっ,2.7947562526780536e-05
ニンマリ,2.7947562526780536e-05
外れ,2.1254841662707042e-05
さあ,2.1254841662707042e-05
NEW,2.1254841662707042e-05
取る,2.1254841662707042e-05
ロスト,2.1254841662707042e-05
カットイン,2.1254841662707042e-05
評価,2.1254841662707042e-05
なんとも,2.1254841662707042e-05
bVupp,2.1254841662707042e-05
迷い,2.1254841662707042e-05
+…,2.1254841662707042e-05
､､､,2.1254841662707042e-05
おしい,2.1254841662707042e-05
闘お,2.1254841662707042e-05
ゲットゴールゲットゴールオーカザーキゲットゴール,2.1254841662707042e-05
固まっ,2.1254841662707042e-05
表現,2.1254841662707042e-05
awase,2.1254841662707042e-05
イーブン,2.1254841662707042e-05
試せる,2.1254841662707042e-05
高校,2.1254841662707042e-05
ゼロ,2.1254841662707042e-05
両者,2.1254841662707042e-05
更に,2.1254841662707042e-05
(^^;,2.1254841662707042e-05
消し,2.1254841662707042e-05
立て続け,2.1254841662707042e-05
メンタル,2.1254841662707042e-05
っす,2.1254841662707042e-05
fb,2.1254841662707042e-05
美食,2.1254841662707042e-05
倍,2.1254841662707042e-05
辞める,2.1254841662707042e-05
嫌がっ,2.1254841662707042e-05
味方,2.1254841662707042e-05
風間,2.1254841662707042e-05
ストーク,2.1254841662707042e-05
選考,2.1254841662707042e-05
ミラン,2.1254841662707042e-05
参考,2.1254841662707042e-05
ちゃい,2.1254841662707042e-05
コメスタ,2.1254841662707042e-05
25,2.1254841662707042e-05
ほん,2.1254841662707042e-05
ひ,2.1254841662707042e-05
ハリルジャパン,2.1254841662707042e-05
回し,2.1254841662707042e-05
方面,2.1254841662707042e-05
乙,2.1254841662707042e-05
泣き,2.1254841662707042e-05
いい加減,2.1254841662707042e-05
任さ,2.1254841662707042e-05
つや,2.1254841662707042e-05
聴い,2.1254841662707042e-05
成熟,2.1254841662707042e-05
wFcpI,2.1254841662707042e-05
ホーム,2.1254841662707042e-05
eG,2.1254841662707042e-05
ムトゥー,2.1254841662707042e-05
はやく,2.1254841662707042e-05
わく,2.1254841662707042e-05
アレ,2.1254841662707042e-05
平,2.1254841662707042e-05
英,2.1254841662707042e-05
cxksmOpKkg,2.1254841662707042e-05
直接,2.1254841662707042e-05
含む,2.1254841662707042e-05
HS,2.1254841662707042e-05
コマ,2.1254841662707042e-05
xGVdnaW,2.1254841662707042e-05
使い方,2.1254841662707042e-05
Wvj,2.1254841662707042e-05
追いつけ,2.1254841662707042e-05
　　#,2.1254841662707042e-05
about,2.1254841662707042e-05
ルール,2.1254841662707042e-05
🌸,2.1254841662707042e-05
終わる,2.1254841662707042e-05
おら,1.6506280639783436e-05
^□^;),1.6506280639783436e-05
黄色い,1.6506280639783436e-05
R,1.6506280639783436e-05
しょうが,1.6506280639783436e-05
😂,1.6506280639783436e-05
stDF,1.6506280639783436e-05
動き出し,1.6506280639783436e-05
求め,1.6506280639783436e-05
死守,1.6506280639783436e-05
早々,1.6506280639783436e-05
ツン,1.6506280639783436e-05
ZQvtF,1.6506280639783436e-05
無理やり,1.6506280639783436e-05
握れ,1.6506280639783436e-05
とんちんかん,1.6506280639783436e-05
｡#,1.6506280639783436e-05
全力,1.6506280639783436e-05
欧州,1.6506280639783436e-05
何故か,1.6506280639783436e-05
たろ,1.6506280639783436e-05
成長,1.6506280639783436e-05
🏔️,1.6506280639783436e-05
小国,1.6506280639783436e-05
振り,1.6506280639783436e-05
神,1.6506280639783436e-05
BcxFX,1.6506280639783436e-05
専門,1.6506280639783436e-05
ほとんど,1.6506280639783436e-05
IsIaiSvu,1.6506280639783436e-05
民放,1.6506280639783436e-05
07,1.6506280639783436e-05
もしか,1.6506280639783436e-05
b,1.6506280639783436e-05
ロマン,1.6506280639783436e-05
すぎや,1.6506280639783436e-05
掛け,1.6506280639783436e-05
スケジュール,1.6506280639783436e-05
様々,1.6506280639783436e-05
策士,1.6506280639783436e-05
まま,1.6506280639783436e-05
っし,1.6506280639783436e-05
引く,1.6506280639783436e-05
デッキ,1.6506280639783436e-05
黙れ,1.6506280639783436e-05
①,1.6506280639783436e-05
Balbuena,1.6506280639783436e-05
レアル,1.6506280639783436e-05
勇退,1.6506280639783436e-05
matsukist,1.6506280639783436e-05
不在,1.6506280639783436e-05
wakatsubasa,1.6506280639783436e-05
もう一度,1.6506280639783436e-05
掘り返す,1.6506280639783436e-05
スパッ,1.6506280639783436e-05
田,1.6506280639783436e-05
緩い,1.6506280639783436e-05
カターレ,1.6506280639783436e-05
サバイバル,1.6506280639783436e-05
しつこい,1.6506280639783436e-05
g,1.6506280639783436e-05
80,1.6506280639783436e-05
グイグイ,1.6506280639783436e-05
JZfvG,1.6506280639783436e-05
間隔,1.6506280639783436e-05
収まっ,1.6506280639783436e-05
tbd,1.6506280639783436e-05
下手くそ,1.6506280639783436e-05
WNKiQIo,1.6506280639783436e-05
示す,1.6506280639783436e-05
ーー,1.6506280639783436e-05
ホンマに,1.6506280639783436e-05
xJ,1.6506280639783436e-05
いっぱい,1.6506280639783436e-05
実戦,1.6506280639783436e-05
繋げ,1.6506280639783436e-05
繋がら,1.6506280639783436e-05
